# Blender 3.5.1
# www.blender.org
mtllib 无标题.mtl
o 3
v -0.689704 -0.450604 -0.159182
v -0.752665 -0.438713 -0.097413
v -0.756295 -0.437305 -0.018512
v -0.681104 -0.518873 -0.075155
v -0.682143 -0.519898 -0.018512
v -0.723468 -0.478746 -0.090204
v -0.725294 -0.479782 -0.018596
v -0.676510 -0.276377 -0.300849
v -0.771935 -0.138088 -0.314703
v -0.695660 -0.231013 -0.315491
v -0.682394 -0.122846 -0.382802
v -0.717932 -0.157581 -0.343108
v -0.833640 -0.274979 -0.149211
v -0.841100 -0.285422 -0.098491
v -0.846546 -0.294781 -0.018600
v -0.921607 -0.125647 -0.154447
v -0.839744 -0.201758 -0.224177
v -0.845648 -0.232107 -0.201923
v -0.855418 -0.152709 -0.240772
v -0.889481 -0.149422 -0.207741
v -0.911130 -0.191733 0.015358
v -0.928051 -0.138554 -0.098491
v -0.928726 -0.156224 -0.014114
v -0.873029 -0.231492 -0.098489
v -0.888985 -0.223107 -0.014114
v -0.904482 -0.178365 -0.098491
v -0.907975 -0.186425 -0.037723
v -0.783723 -0.366235 -0.133692
v -0.766347 -0.287653 -0.229143
v -0.803140 -0.312643 -0.175264
v -0.691713 -0.372683 -0.234089
v -0.716268 -0.395321 -0.183489
v -0.712195 -0.310276 -0.259627
v -0.742832 -0.340038 -0.207797
v -0.775293 -0.396828 -0.111806
v -0.787395 -0.390224 -0.018567
v -0.817531 -0.325232 -0.098491
v -0.822372 -0.334832 -0.018610
v -0.742785 -0.419606 -0.128121
v -0.791619 -0.229122 -0.243619
v -0.830417 -0.260191 -0.196627
v -0.796787 -0.159864 -0.283599
v -0.734671 -0.230356 -0.284986
v -0.750756 -0.190014 -0.296876
v -0.440209 -0.755856 0.016425
v -0.369361 -0.759705 -0.083048
v -0.396012 -0.781559 0.003167
v -0.278161 -0.751357 -0.220256
v -0.297052 -0.765757 -0.178825
v -0.209665 -0.838724 -0.155018
v -0.247053 -0.776644 -0.213068
v -0.229934 -0.801860 -0.198568
v -0.279661 -0.832023 -0.067753
v -0.293514 -0.841167 -0.027577
v -0.315768 -0.789527 -0.101941
v -0.331865 -0.818864 -0.016073
v -0.235546 -0.851682 -0.096335
v -0.241192 -0.871596 -0.043271
v -0.262175 -0.819349 -0.120834
v -0.116174 -0.908438 -0.140019
v -0.095685 -0.916728 -0.148339
v -0.137890 -0.931919 -0.079554
v -0.118349 -0.939829 -0.011433
v -0.105744 -0.950367 -0.083897
v -0.105482 -0.945801 -0.017811
v -0.123317 -0.832793 -0.221403
v -0.140339 -0.858717 -0.194140
v -0.152232 -0.792141 -0.242180
v -0.177517 -0.820363 -0.210019
v -0.074742 -0.839573 -0.228367
v -0.089931 -0.897489 -0.185195
v -0.074513 -0.789099 -0.257824
v -0.177061 -0.908551 -0.072683
v -0.194740 -0.898611 -0.057203
v -0.527748 -0.446393 -0.305723
v -0.365075 -0.595854 -0.302662
v -0.451100 -0.524594 -0.306153
v -0.476072 -0.472295 -0.321521
v -0.391947 -0.549842 -0.315796
v -0.367206 -0.440474 -0.382547
v -0.393401 -0.467897 -0.357697
v -0.512396 -0.588722 -0.217710
v -0.523783 -0.598145 -0.177756
v -0.595734 -0.591797 -0.064986
v -0.600971 -0.603025 -0.031996
v -0.524731 -0.681082 -0.002872
v -0.553289 -0.613157 -0.094169
v -0.558662 -0.646718 -0.013600
v -0.615306 -0.529056 -0.165405
v -0.616385 -0.457162 -0.238540
v -0.641405 -0.480815 -0.189215
v -0.537546 -0.553636 -0.243501
v -0.572498 -0.555076 -0.187736
v -0.571403 -0.486732 -0.260164
v -0.591220 -0.508196 -0.216729
v -0.651921 -0.550409 -0.054150
v -0.643719 -0.562964 -0.018932
v -0.666621 -0.504625 -0.128344
v -0.580605 -0.579277 -0.118067
v -0.441574 -0.674713 -0.151425
v -0.472211 -0.603845 -0.255194
v -0.470603 -0.641236 -0.178337
v -0.373671 -0.684072 -0.231357
v -0.396373 -0.695669 -0.178374
v -0.409208 -0.648596 -0.251932
v -0.424088 -0.662040 -0.204507
v -0.458508 -0.688168 -0.098482
v -0.485767 -0.726500 0.026133
v -0.498228 -0.657306 -0.098404
v -0.510583 -0.666843 -0.055286
v -0.394694 -0.730858 -0.105007
v -0.422442 -0.740469 -0.042765
v -0.499903 -0.581481 -0.254475
v -0.503628 -0.499474 -0.292385
v -0.417864 -0.577049 -0.291171
v -0.602665 -0.363073 -0.304981
v -0.631017 -0.306608 -0.317591
v -0.553911 -0.389839 -0.320581
v -0.527990 -0.287416 -0.385479
v -0.553569 -0.312365 -0.358798
v -0.605192 -0.205131 -0.384140
v -0.632501 -0.231818 -0.356368
v -0.629981 -0.146990 -0.399651
v -0.658273 -0.175927 -0.369465
v -0.546113 -0.220998 -0.408835
v -0.581072 -0.258212 -0.370803
v -0.576908 -0.182258 -0.409913
v -0.451360 -0.367268 -0.386798
v -0.476278 -0.392645 -0.361968
v -0.463166 -0.294803 -0.417968
v -0.503870 -0.340497 -0.372141
v -0.394388 -0.393068 -0.396886
v -0.420287 -0.419702 -0.371776
v -0.394476 -0.311989 -0.429528
v -0.358801 -0.134697 -0.460042
v -0.499562 -0.262078 -0.413932
v -0.472887 -0.150887 -0.435463
v -0.393195 -0.230646 -0.441748
v -0.388835 -0.157407 -0.454657
v -0.637357 -0.395650 -0.263820
v -0.667026 -0.424117 -0.212263
v -0.655345 -0.329458 -0.285205
v -0.581224 -0.416148 -0.289765
v -0.313931 -0.610512 -0.314050
v -0.209970 -0.676916 -0.303740
v -0.199025 -0.613910 -0.357065
v -0.280437 -0.514642 -0.379277
v -0.309356 -0.544057 -0.352313
v -0.310158 -0.469054 -0.390051
v -0.333294 -0.493555 -0.368785
v -0.234025 -0.527699 -0.384371
v -0.234757 -0.568885 -0.370756
v -0.233638 -0.469222 -0.400782
v -0.154897 -0.689240 -0.313271
v -0.154808 -0.631841 -0.351378
v -0.074394 -0.695483 -0.314374
v -0.074601 -0.630167 -0.354266
v -0.154228 -0.539334 -0.389974
v -0.154101 -0.578859 -0.373904
v -0.154266 -0.469906 -0.414127
v -0.074394 -0.541228 -0.390296
v -0.074394 -0.581039 -0.373621
v -0.074515 -0.470009 -0.421424
v -0.320271 -0.720332 -0.226056
v -0.336858 -0.738219 -0.178821
v -0.313260 -0.649277 -0.282782
v -0.235362 -0.705309 -0.271906
v -0.263051 -0.662712 -0.292969
v -0.351875 -0.747031 -0.136130
v -0.154918 -0.729111 -0.285690
v -0.074394 -0.735294 -0.289227
v -0.202864 -0.276255 -0.457677
v -0.313996 -0.390853 -0.416734
v -0.313562 -0.310514 -0.437126
v -0.233827 -0.389960 -0.426985
v -0.231218 -0.305866 -0.448822
v -0.295707 -0.205539 -0.459007
v -0.318944 -0.157254 -0.463061
v -0.231197 -0.231468 -0.460796
v -0.233709 -0.150793 -0.465984
v -0.318574 -0.231273 -0.451153
v -0.348658 -0.187594 -0.455845
v -0.255892 -0.258425 -0.454094
v -0.154143 -0.292681 -0.459843
v -0.056944 -0.361510 -0.461530
v -0.080065 -0.316633 -0.462835
v -0.154324 -0.390146 -0.439702
v -0.154016 -0.332303 -0.452951
v -0.080214 -0.389893 -0.453421
v -0.110045 -0.347007 -0.455879
v -0.154036 -0.230392 -0.463488
v -0.154035 -0.150780 -0.468534
v -0.074402 -0.230387 -0.465530
v -0.074394 -0.150734 -0.469075
v -0.758339 -0.439704 0.061089
v -0.760350 -0.440143 0.118903
v -0.678105 -0.525650 0.093742
v -0.678861 -0.515458 0.115791
v -0.716515 -0.492312 0.084950
v -0.716946 -0.481215 0.128651
v -0.686751 -0.448169 0.198606
v -0.849761 -0.298913 0.061061
v -0.853822 -0.294078 0.118700
v -0.831563 -0.271342 0.181841
v -0.914679 -0.196025 0.061012
v -0.916461 -0.197403 0.118699
v -0.967426 -0.114205 0.093144
v -0.947541 -0.157305 0.116142
v -0.889961 -0.235841 0.061012
v -0.893318 -0.233122 0.118699
v -0.901841 -0.177298 0.165892
v -0.919452 -0.124937 0.194916
v -0.843478 -0.224624 0.213170
v -0.833211 -0.194263 0.264276
v -0.889345 -0.152252 0.222109
v -0.831002 -0.145599 0.328118
v -0.789947 -0.389600 0.061109
v -0.787485 -0.396178 0.126487
v -0.823272 -0.338167 0.061109
v -0.828027 -0.333889 0.118700
v -0.739832 -0.415401 0.167051
v -0.762164 -0.362979 0.193266
v -0.789674 -0.304669 0.215343
v -0.760503 -0.281678 0.271249
v -0.712879 -0.391464 0.222148
v -0.687532 -0.368860 0.277750
v -0.739006 -0.334759 0.245690
v -0.712357 -0.309803 0.302807
v -0.815292 -0.248534 0.236054
v -0.789020 -0.225693 0.299156
v -0.813831 -0.169968 0.320928
v -0.735524 -0.251881 0.326111
v -0.833489 -0.114268 0.341314
v -0.680885 -0.280793 0.346818
v -0.757260 -0.197473 0.344370
v -0.788012 -0.145806 0.354095
v -0.710574 -0.227888 0.359992
v -0.706524 -0.146081 0.397078
v -0.674042 -0.114395 0.420648
v -0.441360 -0.754477 0.037529
v -0.399545 -0.776836 0.061361
v -0.372139 -0.762659 0.140731
v -0.358138 -0.751821 0.189340
v -0.291856 -0.837967 0.061109
v -0.286877 -0.837440 0.123404
v -0.333699 -0.817141 0.061553
v -0.313810 -0.808712 0.146792
v -0.233638 -0.871009 0.061109
v -0.242213 -0.862328 0.142767
v -0.270772 -0.825448 0.175895
v -0.311081 -0.772705 0.224197
v -0.275024 -0.748839 0.260925
v -0.220115 -0.850966 0.206606
v -0.255600 -0.819774 0.214802
v -0.233870 -0.761111 0.270625
v -0.131551 -0.928791 0.064468
v -0.144766 -0.917743 0.140445
v -0.074293 -0.932094 0.061444
v -0.074394 -0.918467 0.140731
v -0.153183 -0.910706 0.188831
v -0.074816 -0.910706 0.194771
v -0.181900 -0.900373 0.061109
v -0.180518 -0.900333 0.141144
v -0.179798 -0.890419 0.198742
v -0.122023 -0.829759 0.262389
v -0.174905 -0.817116 0.252102
v -0.151278 -0.790879 0.284496
v -0.074394 -0.871131 0.229025
v -0.074394 -0.831320 0.263450
v -0.074910 -0.791552 0.303142
v -0.603160 -0.602226 0.069122
v -0.595614 -0.591890 0.108409
v -0.528215 -0.678803 0.044501
v -0.512367 -0.668323 0.101028
v -0.564733 -0.641491 0.056498
v -0.547474 -0.624373 0.131259
v -0.529327 -0.604741 0.221457
v -0.516541 -0.594378 0.262220
v -0.639677 -0.564914 0.081117
v -0.632283 -0.549941 0.139657
v -0.666762 -0.502629 0.169969
v -0.582580 -0.580422 0.161490
v -0.615023 -0.529949 0.206679
v -0.638301 -0.477313 0.228146
v -0.613318 -0.455011 0.280554
v -0.574573 -0.560572 0.223739
v -0.534465 -0.550179 0.280032
v -0.589851 -0.506458 0.257685
v -0.561399 -0.478997 0.309137
v -0.478909 -0.731350 0.025183
v -0.473044 -0.688307 0.133274
v -0.499075 -0.657434 0.154362
v -0.426508 -0.743111 0.090185
v -0.411950 -0.731841 0.140731
v -0.445505 -0.678194 0.202784
v -0.462227 -0.643947 0.255036
v -0.487445 -0.620404 0.263912
v -0.387763 -0.705686 0.241373
v -0.372552 -0.679909 0.269576
v -0.430483 -0.668348 0.250941
v -0.393847 -0.629042 0.300441
v -0.477983 -0.552762 0.320507
v -0.504839 -0.500515 0.334150
v -0.415142 -0.578174 0.331307
v -0.528133 -0.447434 0.351713
v -0.362061 -0.594023 0.344129
v -0.453022 -0.526779 0.354994
v -0.473997 -0.471087 0.382045
v -0.440974 -0.439412 0.422063
v -0.391733 -0.553043 0.368064
v -0.403969 -0.497083 0.408234
v -0.418321 -0.466887 0.421537
v -0.664429 -0.420608 0.251688
v -0.636677 -0.394243 0.306462
v -0.657590 -0.333874 0.329254
v -0.581215 -0.417195 0.331702
v -0.604509 -0.364114 0.349265
v -0.633044 -0.309852 0.365401
v -0.555515 -0.391816 0.370809
v -0.556049 -0.317772 0.408525
v -0.530746 -0.295385 0.429090
v -0.631287 -0.231927 0.402801
v -0.601973 -0.204574 0.424421
v -0.655054 -0.167476 0.411164
v -0.630779 -0.145569 0.432986
v -0.582985 -0.257655 0.414937
v -0.556036 -0.231812 0.438508
v -0.553070 -0.151504 0.460698
v -0.497454 -0.390726 0.410591
v -0.457019 -0.390259 0.429990
v -0.510917 -0.347835 0.418710
v -0.480908 -0.317777 0.441494
v -0.393241 -0.390029 0.446658
v -0.393193 -0.310295 0.465458
v -0.472503 -0.230356 0.461638
v -0.473284 -0.151302 0.482027
v -0.386846 -0.224603 0.485097
v -0.407742 -0.151147 0.497447
v -0.356282 -0.194227 0.499860
v -0.367920 -0.151141 0.505133
v -0.341850 -0.745813 0.231089
v -0.306406 -0.707383 0.279673
v -0.313494 -0.648182 0.323871
v -0.235048 -0.705495 0.313430
v -0.262238 -0.662112 0.335009
v -0.154016 -0.731675 0.327214
v -0.102630 -0.746950 0.337272
v -0.313491 -0.608366 0.355396
v -0.209157 -0.676705 0.346318
v -0.236006 -0.634903 0.368559
v -0.319538 -0.551654 0.397633
v -0.284656 -0.513020 0.421249
v -0.337738 -0.503578 0.416889
v -0.312480 -0.474988 0.435276
v -0.234312 -0.563522 0.409863
v -0.233638 -0.522094 0.425439
v -0.234154 -0.470378 0.450091
v -0.155014 -0.693809 0.356959
v -0.154860 -0.630490 0.391955
v -0.109153 -0.710626 0.361181
v -0.076403 -0.622036 0.404711
v -0.154016 -0.576067 0.413596
v -0.154016 -0.536256 0.431978
v -0.154533 -0.470378 0.463170
v -0.076395 -0.587669 0.421316
v -0.076384 -0.555750 0.436738
v -0.074960 -0.472195 0.479195
v -0.313260 -0.389600 0.460461
v -0.307104 -0.303256 0.486056
v -0.233638 -0.389600 0.473540
v -0.233638 -0.324048 0.491842
v -0.276123 -0.271740 0.499469
v -0.233903 -0.284764 0.503895
v -0.329595 -0.247728 0.495593
v -0.293710 -0.201590 0.515278
v -0.313840 -0.150775 0.513147
v -0.233931 -0.230731 0.516880
v -0.233637 -0.150738 0.511538
v -0.154404 -0.390371 0.488389
v -0.154233 -0.341686 0.499855
v -0.074489 -0.390099 0.494770
v -0.074394 -0.343946 0.498382
v -0.154088 -0.301680 0.505853
v -0.074394 -0.304135 0.502795
v -0.153999 -0.230491 0.513846
v -0.154026 -0.150654 0.514504
v -0.074394 -0.230356 0.510972
v -0.074388 -0.150783 0.516522
v -0.991582 0.044147 -0.140166
v -0.993471 -0.036114 -0.071992
v -1.001585 -0.034339 -0.010460
v -1.022900 0.014662 -0.076105
v -1.012693 -0.009779 -0.026660
v -0.992021 0.088131 -0.141895
v -0.993118 0.167753 -0.144089
v -1.026769 0.085828 -0.072292
v -1.024348 0.087904 -0.018282
v -1.031082 0.165174 -0.068039
v -1.027183 0.167753 -0.018512
v -0.994707 0.227855 -0.144058
v -1.035433 0.242504 -0.079525
v -1.033915 0.247391 -0.018042
v -1.038711 0.305490 -0.060520
v -1.031518 0.318275 -0.013883
v -0.996912 0.375378 -0.062580
v -0.996848 0.378203 -0.018512
v -0.834483 -0.040001 -0.300697
v -0.837318 0.031373 -0.326780
v -0.872525 0.060805 -0.305093
v -0.851686 0.167753 -0.308766
v -0.754021 -0.038264 -0.378089
v -0.782063 -0.025836 -0.359710
v -0.752674 -0.020782 -0.377758
v -0.792548 -0.000174 -0.356009
v -0.715382 -0.069371 -0.395480
v -0.737516 -0.091380 -0.368365
v -0.715246 0.005299 -0.394174
v -0.747795 0.032285 -0.375250
v -0.791741 0.088258 -0.348711
v -0.791734 0.167879 -0.341889
v -0.703262 0.088318 -0.392808
v -0.741901 0.088131 -0.372532
v -0.693686 0.167753 -0.387014
v -0.733497 0.167753 -0.368657
v -0.912083 -0.036165 -0.220123
v -0.939921 -0.096326 -0.145619
v -0.921008 0.008041 -0.232035
v -0.963190 0.013418 -0.172271
v -0.872824 -0.066162 -0.258432
v -0.903029 -0.089246 -0.206175
v -0.886544 0.007715 -0.272745
v -0.971177 -0.061321 -0.113978
v -0.972584 -0.081536 -0.018512
v -0.986095 -0.010435 -0.126839
v -0.923891 0.094881 -0.272992
v -0.972796 0.087803 -0.183476
v -0.925118 0.169583 -0.264348
v -0.973395 0.167849 -0.185739
v -0.899783 0.083593 -0.288304
v -0.909150 0.173455 -0.276489
v -0.823252 -0.093082 -0.289993
v -0.846395 0.247375 -0.305833
v -0.841301 0.327027 -0.302956
v -0.836866 0.375525 -0.301719
v -0.791727 0.247500 -0.335068
v -0.793176 0.327867 -0.329988
v -0.685282 0.247375 -0.383139
v -0.725093 0.247375 -0.364781
v -0.679401 0.304703 -0.383280
v -0.706309 0.338433 -0.364579
v -0.784648 0.404845 -0.309620
v -0.752020 0.447027 -0.297473
v -0.711369 0.406619 -0.330438
v -0.711774 0.461114 -0.305648
v -0.923239 0.247375 -0.234976
v -0.969848 0.251901 -0.174231
v -0.919695 0.312758 -0.227725
v -0.940176 0.346677 -0.181910
v -0.888132 0.247257 -0.282704
v -0.889520 0.328886 -0.273743
v -0.909140 0.364595 -0.215480
v -0.988629 0.280827 -0.136020
v -0.985227 0.328936 -0.125769
v -0.925461 0.392737 -0.162399
v -0.848955 0.384809 -0.294288
v -0.899436 0.414214 -0.184466
v -0.841856 0.458003 -0.229491
v -0.860386 0.486543 -0.177735
v -0.969430 0.421329 -0.063934
v -0.973082 0.418014 -0.018512
v -0.935590 0.477910 -0.065602
v -0.937204 0.486938 -0.018455
v -0.910069 0.445818 -0.137369
v -0.920043 0.500394 -0.081293
v -0.902161 0.537412 -0.008765
v -0.812687 0.434080 -0.283117
v -0.779490 0.479178 -0.272893
v -0.815788 0.510129 -0.201109
v -0.746468 0.516329 -0.270023
v -0.839999 0.535805 -0.148027
v -0.880581 0.569885 -0.068312
v -0.862037 0.586752 -0.025802
v -0.764029 0.539303 -0.231426
v -0.787099 0.566530 -0.173011
v -0.753218 0.606962 -0.140074
v -0.716788 0.563466 -0.251869
v -0.691395 0.597464 -0.220345
v -0.713804 0.624640 -0.162409
v -0.815872 0.595394 -0.106642
v -0.830600 0.607026 -0.019051
v -0.772279 0.620549 -0.100048
v -0.811938 0.620893 -0.000661
v -0.714415 0.654209 -0.100183
v -0.708791 0.673428 -0.026326
v -0.679402 0.689157 -0.004505
v -0.661650 -0.110983 -0.399666
v -0.631747 0.008509 -0.410901
v -0.552367 -0.071184 -0.424469
v -0.552125 0.008509 -0.426530
v -0.632665 0.088111 -0.415789
v -0.633296 0.167885 -0.415679
v -0.552125 0.088131 -0.429451
v -0.552368 0.167717 -0.433429
v -0.359449 -0.071112 -0.457040
v -0.356014 0.008509 -0.456713
v -0.472503 -0.071112 -0.439237
v -0.472746 0.008473 -0.442990
v -0.399500 -0.071136 -0.453395
v -0.395986 0.008506 -0.453960
v -0.353887 0.057788 -0.456510
v -0.472790 0.088104 -0.444981
v -0.472866 0.167888 -0.446661
v -0.385550 0.085923 -0.454525
v -0.392874 0.168066 -0.448535
v -0.633138 0.247596 -0.410367
v -0.637599 0.323419 -0.397249
v -0.657781 0.357012 -0.372152
v -0.541753 0.256239 -0.441748
v -0.576472 0.321593 -0.423307
v -0.604913 0.374061 -0.381314
v -0.631904 0.403544 -0.358816
v -0.628060 0.489750 -0.314314
v -0.552613 0.387161 -0.389556
v -0.552125 0.425293 -0.365376
v -0.552125 0.486240 -0.332405
v -0.472284 0.248739 -0.440678
v -0.472503 0.326997 -0.413036
v -0.392629 0.248314 -0.433968
v -0.392882 0.326997 -0.404988
v -0.472408 0.394748 -0.391680
v -0.480379 0.439000 -0.374381
v -0.473095 0.488278 -0.351188
v -0.392882 0.386901 -0.383888
v -0.392882 0.426712 -0.369866
v -0.392777 0.487863 -0.352827
v -0.651671 0.517638 -0.292637
v -0.313260 -0.071112 -0.461438
v -0.313429 0.008627 -0.462772
v -0.233836 -0.071014 -0.471534
v -0.233631 0.008823 -0.466630
v -0.313340 0.063862 -0.460401
v -0.233638 0.060174 -0.458237
v -0.313254 0.103719 -0.455807
v -0.313135 0.168243 -0.446558
v -0.233638 0.099985 -0.452177
v -0.233389 0.168676 -0.443136
v -0.154022 -0.070990 -0.474195
v -0.149424 0.015737 -0.462999
v -0.074389 -0.071045 -0.473769
v -0.075695 0.015897 -0.463933
v -0.119839 0.047018 -0.456234
v -0.103088 0.046919 -0.455667
v -0.172920 0.053155 -0.457168
v -0.050002 0.051647 -0.457167
v -0.149434 0.083070 -0.451788
v -0.153763 0.168691 -0.437774
v -0.075666 0.081944 -0.449549
v -0.030686 0.134335 -0.438537
v -0.313053 0.248116 -0.426695
v -0.313260 0.326997 -0.396941
v -0.233638 0.247375 -0.416940
v -0.237221 0.330890 -0.389483
v -0.213041 0.359733 -0.374677
v -0.313260 0.375478 -0.379865
v -0.312862 0.416318 -0.368100
v -0.287444 0.517860 -0.324752
v -0.266574 0.368780 -0.377506
v -0.236739 0.401293 -0.361674
v -0.231477 0.498138 -0.309869
v -0.153556 0.248563 -0.409283
v -0.153457 0.303812 -0.385346
v -0.154016 0.342609 -0.364526
v -0.029830 0.238664 -0.384302
v -0.033161 0.268628 -0.364172
v -0.110631 0.289394 -0.377932
v -0.080212 0.320360 -0.352670
v -0.133846 0.437809 -0.309871
v -0.171822 0.461276 -0.309870
v -0.068976 0.397726 -0.309870
v -0.216022 0.512337 -0.279856
v -0.119989 0.442856 -0.292672
v -0.151013 0.488096 -0.259723
v -0.128955 0.516937 -0.206049
v -0.031367 0.414698 -0.259050
v -0.034927 0.447436 -0.220457
v -0.042493 0.517006 -0.138442
v -0.042493 0.517005 -0.138444
v -0.042493 0.512058 -0.018899
v -0.598590 0.528866 -0.298712
v -0.552125 0.538695 -0.304028
v -0.473191 0.556060 -0.315984
v -0.390376 0.596322 -0.309871
v -0.636602 0.566918 -0.269427
v -0.671245 0.605588 -0.217475
v -0.618164 0.612792 -0.225260
v -0.651259 0.650192 -0.175136
v -0.553302 0.576866 -0.283109
v -0.552125 0.621754 -0.234945
v -0.547521 0.671390 -0.182657
v -0.664050 0.683616 -0.100021
v -0.671216 0.685111 -0.057430
v -0.606362 0.693298 -0.146347
v -0.571423 0.682809 -0.163306
v -0.611761 0.702078 -0.130652
v -0.666327 0.690674 -0.043262
v -0.559134 0.710966 -0.091361
v -0.552589 0.715289 -0.018869
v -0.472936 0.595476 -0.288009
v -0.468545 0.633665 -0.246589
v -0.515322 0.656008 -0.208724
v -0.395883 0.608929 -0.294651
v -0.415792 0.628444 -0.263218
v -0.391385 0.656935 -0.180147
v -0.456353 0.682315 -0.131087
v -0.392316 0.680591 -0.123127
v -0.509434 0.685658 -0.138780
v -0.478322 0.698558 -0.103414
v -0.472503 0.711487 -0.018512
v -0.392634 0.696470 -0.082930
v -0.395984 0.712026 -0.029135
v -0.316391 0.541144 -0.321829
v -0.269104 0.528736 -0.300582
v -0.311746 0.585904 -0.258708
v -0.286617 0.599435 -0.205058
v -0.339698 0.612008 -0.230271
v -0.313198 0.625414 -0.178213
v -0.237954 0.545990 -0.256229
v -0.231765 0.588982 -0.179285
v -0.258679 0.612670 -0.151977
v -0.297964 0.673279 -0.082284
v -0.298319 0.672659 -0.018278
v -0.205598 0.600097 -0.126763
v -0.193971 0.605583 0.019118
v -0.224235 0.628957 -0.086595
v -0.224925 0.627673 -0.011764
v -0.331694 0.695510 -0.064584
v -0.351954 0.705747 -0.046811
v -0.182036 0.533337 -0.226775
v -0.153453 0.550650 -0.180542
v -0.095864 0.535658 -0.153679
v -0.158679 0.588575 -0.105297
v -0.161015 0.586175 -0.011859
v -0.195449 0.611225 -0.094806
v -0.192221 0.606681 -0.033963
v -0.091369 0.547113 -0.124500
v -0.089506 0.541558 -0.018512
v -0.990864 -0.058985 0.022556
v -0.998999 0.005304 0.062309
v -0.998928 0.028466 0.128369
v -1.016745 0.087688 0.061487
v -1.000008 0.068571 0.171846
v -1.020671 0.167753 0.061109
v -1.017514 0.167524 0.141597
v -0.994354 0.105544 0.217894
v -1.007086 0.146856 0.212206
v -1.023572 0.247733 0.061911
v -1.004771 0.251770 0.145841
v -1.001370 0.374168 0.038843
v -0.994883 0.310881 0.121531
v -0.996072 0.227751 0.191275
v -0.999137 0.378275 0.044784
v -0.980857 -0.081990 0.053374
v -0.969718 -0.071812 0.138552
v -0.988270 -0.023373 0.089649
v -0.982091 0.000592 0.162939
v -0.926351 -0.066956 0.220472
v -0.912684 -0.037645 0.264270
v -0.953306 0.008510 0.220353
v -0.922022 0.011743 0.279274
v -0.903227 -0.090726 0.247092
v -0.863021 -0.062392 0.337966
v -0.901956 -0.005498 0.300930
v -0.989833 0.048917 0.180156
v -0.971802 0.090812 0.240025
v -0.953437 0.061642 0.254505
v -0.979516 0.175027 0.239377
v -0.935384 0.167826 0.284061
v -0.886090 0.088131 0.317682
v -0.889400 0.167753 0.320688
v -0.840553 -0.072059 0.348713
v -0.843324 0.008476 0.348703
v -0.847116 0.088056 0.351915
v -0.850612 0.167661 0.354790
v -0.793435 -0.072004 0.376368
v -0.790991 0.008510 0.383570
v -0.731794 -0.072179 0.412493
v -0.690916 -0.072097 0.431807
v -0.744596 0.008510 0.414954
v -0.708288 0.007931 0.443369
v -0.792977 0.088061 0.391705
v -0.793148 0.167840 0.393959
v -0.748697 0.088187 0.419765
v -0.708939 0.088322 0.439859
v -0.743264 0.167753 0.416083
v -0.703453 0.167753 0.432804
v -0.988654 0.280368 0.174612
v -0.989465 0.363962 0.098445
v -0.977264 0.337993 0.173019
v -0.991161 0.248919 0.191281
v -0.930365 0.248153 0.281475
v -0.978796 0.328161 0.175038
v -0.917356 0.310275 0.270019
v -0.900103 0.256170 0.317642
v -0.909375 0.363538 0.259024
v -0.887657 0.330544 0.303589
v -0.987859 0.399018 0.074795
v -0.959645 0.450908 0.149870
v -0.930693 0.494477 0.069969
v -0.939722 0.477007 0.146624
v -0.904781 0.520728 0.061109
v -0.893593 0.508669 0.159368
v -0.933358 0.406956 0.206002
v -0.916455 0.453458 0.185832
v -0.893220 0.408033 0.245193
v -0.851348 0.406619 0.278184
v -0.865239 0.502207 0.194065
v -0.833113 0.449123 0.262191
v -0.825625 0.360774 0.335245
v -0.797613 0.412750 0.323323
v -0.813231 0.505041 0.243416
v -0.788796 0.481765 0.281618
v -0.745255 0.440696 0.337095
v -0.717388 0.491839 0.326678
v -0.876281 0.256769 0.345822
v -0.852801 0.311437 0.354879
v -0.792531 0.247577 0.389844
v -0.801037 0.334785 0.372510
v -0.733687 0.247375 0.412060
v -0.693876 0.247375 0.428782
v -0.713221 0.306349 0.414697
v -0.684596 0.304345 0.427455
v -0.773737 0.388758 0.351637
v -0.715777 0.411140 0.364356
v -0.692174 0.466384 0.349151
v -0.864970 0.558291 0.061109
v -0.853147 0.547383 0.142382
v -0.835691 0.530025 0.187450
v -0.824195 0.600293 0.061753
v -0.795459 0.589147 0.148786
v -0.788381 0.641716 0.054568
v -0.768737 0.619941 0.125725
v -0.749951 0.604675 0.178806
v -0.738264 0.675640 0.071946
v -0.706771 0.658086 0.146957
v -0.789981 0.543101 0.229296
v -0.757259 0.533136 0.265495
v -0.738012 0.593482 0.222601
v -0.711731 0.566876 0.285643
v -0.677251 0.641635 0.217264
v -0.679137 0.612144 0.269695
v -0.679904 0.692069 0.046655
v -0.618518 -0.056480 0.467678
v -0.656436 -0.016486 0.465984
v -0.553009 -0.071583 0.477593
v -0.552125 0.008510 0.477464
v -0.633168 0.088427 0.467961
v -0.633202 0.168056 0.463488
v -0.552125 0.088131 0.476317
v -0.552313 0.167813 0.476908
v -0.473062 -0.071261 0.490932
v -0.472503 0.008510 0.487836
v -0.414036 -0.071112 0.496599
v -0.392686 0.004251 0.497867
v -0.374357 -0.071071 0.502246
v -0.365763 -0.025219 0.500685
v -0.472691 0.088191 0.487381
v -0.472576 0.167878 0.483532
v -0.392954 0.088256 0.491905
v -0.392882 0.167753 0.483564
v -0.664753 0.519465 0.336695
v -0.632924 0.247643 0.456740
v -0.661167 0.356751 0.414688
v -0.636135 0.313511 0.446352
v -0.552901 0.247778 0.477962
v -0.577736 0.333113 0.466410
v -0.601116 0.419563 0.412487
v -0.608722 0.381676 0.428633
v -0.617500 0.498325 0.368080
v -0.552125 0.431503 0.411328
v -0.560214 0.395603 0.436220
v -0.552125 0.486241 0.381699
v -0.472455 0.247824 0.477653
v -0.472295 0.327827 0.459961
v -0.392701 0.248281 0.475923
v -0.392882 0.326997 0.449748
v -0.472519 0.438954 0.418596
v -0.472372 0.398868 0.434770
v -0.472702 0.487946 0.393571
v -0.392882 0.434044 0.415438
v -0.392882 0.394233 0.428198
v -0.375894 0.505020 0.390985
v -0.313260 0.019568 0.496627
v -0.233638 0.023644 0.496968
v -0.313333 -0.070988 0.505563
v -0.313260 -0.020243 0.499953
v -0.233638 -0.071116 0.504851
v -0.233638 -0.016166 0.500294
v -0.313260 0.088131 0.490898
v -0.313212 0.168197 0.486406
v -0.233638 0.088131 0.491580
v -0.233459 0.168652 0.485449
v -0.154016 0.027722 0.497308
v -0.074394 0.032231 0.497631
v -0.154016 -0.071116 0.505596
v -0.154016 -0.012092 0.500619
v -0.074394 -0.071112 0.506466
v -0.074394 -0.007579 0.501019
v -0.153969 0.088570 0.495159
v -0.147143 0.177022 0.480150
v -0.070122 0.080353 0.494987
v -0.039081 0.163936 0.460856
v -0.284241 0.520140 0.334691
v -0.232412 0.508394 0.323446
v -0.042493 0.508766 0.060655
v -0.041359 0.507533 0.140191
v -0.128928 0.439159 0.332418
v -0.132621 0.513735 0.244607
v -0.156052 0.485676 0.301423
v -0.049124 0.421424 0.300611
v -0.042493 0.503783 0.181040
v -0.050621 0.442618 0.265164
v -0.313053 0.248200 0.470279
v -0.313260 0.326997 0.442543
v -0.233100 0.248707 0.464150
v -0.211418 0.355264 0.413314
v -0.235495 0.329394 0.435067
v -0.312501 0.423430 0.411934
v -0.312948 0.382888 0.426700
v -0.327235 0.471744 0.395828
v -0.235344 0.403590 0.398839
v -0.264260 0.373107 0.422603
v -0.232881 0.467802 0.357180
v -0.117893 0.284766 0.418130
v -0.147306 0.255479 0.445216
v -0.148266 0.328033 0.405812
v -0.170974 0.302183 0.427325
v -0.052104 0.270768 0.402729
v -0.049942 0.231001 0.422973
v -0.054929 0.322736 0.376274
v -0.153947 0.411841 0.365210
v -0.182703 0.452523 0.345037
v -0.059810 0.380357 0.347963
v -0.669334 0.684698 0.099198
v -0.638375 0.677452 0.144067
v -0.581978 0.682621 0.172831
v -0.628575 0.574398 0.332930
v -0.649155 0.653815 0.223491
v -0.643387 0.622759 0.297922
v -0.552067 0.586241 0.326437
v -0.573764 0.674496 0.202623
v -0.552675 0.630741 0.283807
v -0.641155 0.697288 0.084707
v -0.616252 0.691824 0.119750
v -0.557606 0.720564 0.068626
v -0.564226 0.708759 0.124219
v -0.529126 0.688201 0.182550
v -0.359488 0.683122 0.088429
v -0.372924 0.678571 0.140731
v -0.472503 0.585663 0.320799
v -0.472503 0.664561 0.221767
v -0.475073 0.637573 0.271727
v -0.392476 0.583697 0.320322
v -0.399528 0.670733 0.223546
v -0.392780 0.625897 0.279870
v -0.480496 0.726259 0.057051
v -0.501068 0.728517 0.103117
v -0.421770 0.715258 0.024966
v -0.434131 0.694941 0.165789
v -0.472503 0.686059 0.181956
v -0.421316 0.688514 0.177784
v -0.612458 0.537798 0.348727
v -0.552311 0.545787 0.352619
v -0.472573 0.547758 0.356904
v -0.395019 0.546378 0.361990
v -0.316725 0.670395 0.061959
v -0.311921 0.655027 0.141275
v -0.196794 0.605584 0.061340
v -0.208584 0.597932 0.140731
v -0.236820 0.627570 0.061368
v -0.248395 0.618817 0.140731
v -0.278468 0.602316 0.255924
v -0.310332 0.572966 0.310067
v -0.311497 0.631905 0.256434
v -0.331824 0.621873 0.276294
v -0.230435 0.594748 0.224907
v -0.232127 0.549869 0.283456
v -0.256797 0.607508 0.231057
v -0.346975 0.688340 0.035452
v -0.152973 0.579248 0.061240
v -0.153059 0.570240 0.140978
v -0.092131 0.539910 0.061109
v -0.095269 0.538510 0.140958
v -0.153342 0.557436 0.206909
v -0.185703 0.531485 0.267027
v -0.102721 0.532935 0.195096
v -0.337322 0.534677 0.347220
v -0.030019 -0.908038 -0.139770
v 0.001858 -0.931090 -0.080110
v 0.005228 -0.928022 -0.018512
v 0.081370 -0.923019 -0.059291
v 0.101406 -0.910707 -0.012988
v 0.005228 -0.835651 -0.223743
v -0.003349 -0.875454 -0.194238
v 0.005310 -0.789230 -0.260097
v 0.066650 -0.832934 -0.222598
v 0.086041 -0.853446 -0.205380
v 0.090703 -0.796417 -0.247106
v 0.119618 -0.824286 -0.214953
v 0.023098 -0.902730 -0.129247
v 0.112539 -0.912441 -0.074695
v 0.116714 -0.902510 -0.018512
v 0.148064 -0.845124 -0.164223
v 0.165496 -0.769990 -0.234886
v 0.166072 -0.803073 -0.204492
v 0.210555 -0.752283 -0.221313
v 0.238088 -0.763816 -0.194377
v 0.174955 -0.874352 -0.067480
v 0.174714 -0.874489 -0.062520
v 0.198841 -0.824109 -0.131507
v 0.217087 -0.836733 -0.078235
v 0.230016 -0.840586 -0.049803
v 0.244330 -0.806764 -0.102473
v 0.269005 -0.816684 -0.040837
v 0.290313 -0.752737 -0.147153
v 0.306567 -0.764676 -0.098597
v 0.336030 -0.777734 -0.024234
v 0.005079 -0.702377 -0.321565
v 0.005189 -0.630156 -0.358274
v 0.085817 -0.697746 -0.320261
v 0.085488 -0.630952 -0.354489
v 0.005320 -0.542578 -0.392139
v 0.005320 -0.582391 -0.376305
v 0.005319 -0.470140 -0.420947
v 0.084849 -0.535094 -0.386630
v 0.084849 -0.574905 -0.371631
v 0.085005 -0.469680 -0.411854
v 0.151910 -0.682321 -0.308028
v 0.175746 -0.641471 -0.332054
v 0.245158 -0.615993 -0.318201
v 0.164471 -0.523821 -0.382382
v 0.164912 -0.564925 -0.370093
v 0.164700 -0.469790 -0.401913
v 0.219781 -0.515349 -0.379736
v 0.252304 -0.555102 -0.363229
v 0.245653 -0.473877 -0.389091
v 0.272905 -0.502860 -0.375502
v 0.005203 -0.741593 -0.294226
v 0.085457 -0.736042 -0.290256
v 0.173368 -0.709282 -0.279775
v 0.204074 -0.668131 -0.297065
v 0.239895 -0.707548 -0.242005
v 0.265593 -0.736586 -0.202698
v 0.244093 -0.654142 -0.285116
v -0.014781 -0.361164 -0.459255
v 0.009192 -0.315506 -0.462484
v 0.084849 -0.289207 -0.458283
v 0.009351 -0.389169 -0.449836
v 0.038160 -0.345288 -0.455683
v 0.085037 -0.389993 -0.437115
v 0.085051 -0.329354 -0.453515
v 0.005244 -0.230428 -0.466459
v 0.005228 -0.150734 -0.469370
v 0.084909 -0.230457 -0.464437
v 0.084866 -0.150806 -0.470176
v 0.129550 -0.273585 -0.456765
v 0.164471 -0.389600 -0.423468
v 0.159794 -0.304663 -0.449404
v 0.244093 -0.389600 -0.411034
v 0.244093 -0.309978 -0.433179
v 0.159443 -0.229239 -0.459044
v 0.164531 -0.150835 -0.467230
v 0.220604 -0.201953 -0.457541
v 0.246014 -0.154503 -0.460756
v 0.182773 -0.255263 -0.455912
v 0.246207 -0.229703 -0.453911
v 0.273685 -0.183403 -0.455738
v 0.294588 -0.596789 -0.304237
v 0.299581 -0.519962 -0.364161
v 0.307393 -0.450544 -0.385188
v 0.336314 -0.480632 -0.364922
v 0.378716 -0.521927 -0.307590
v 0.406478 -0.473564 -0.328376
v 0.464172 -0.447539 -0.310429
v 0.301601 -0.680648 -0.228134
v 0.323560 -0.708841 -0.191814
v 0.324983 -0.629337 -0.257872
v 0.354879 -0.661241 -0.211994
v 0.368348 -0.672080 -0.193575
v 0.386538 -0.609037 -0.234376
v 0.409642 -0.634523 -0.193442
v 0.346369 -0.735079 -0.098548
v 0.367105 -0.753202 -0.020601
v 0.404087 -0.690415 -0.090944
v 0.401367 -0.721499 -0.020572
v 0.429428 -0.656227 -0.111902
v 0.347450 -0.575008 -0.286182
v 0.410332 -0.554965 -0.263378
v 0.438617 -0.584265 -0.212875
v 0.431798 -0.499398 -0.289418
v 0.462200 -0.605965 -0.161489
v 0.443398 -0.668524 -0.058834
v 0.447948 -0.673119 -0.018735
v 0.479817 -0.624799 -0.087716
v 0.487760 -0.634458 -0.018735
v 0.523681 -0.589542 -0.062206
v 0.528755 -0.594647 -0.018735
v 0.467510 -0.532793 -0.237996
v 0.492228 -0.558565 -0.189099
v 0.492782 -0.477806 -0.266663
v 0.519093 -0.505471 -0.213760
v 0.545704 -0.529799 -0.162508
v 0.548158 -0.454184 -0.241423
v 0.574243 -0.481108 -0.190087
v 0.514498 -0.581780 -0.116035
v 0.561728 -0.547207 -0.090848
v 0.568566 -0.555986 -0.018735
v 0.597539 -0.505103 -0.118910
v 0.348684 -0.405179 -0.389154
v 0.359681 -0.425267 -0.374899
v 0.324037 -0.310437 -0.420213
v 0.385224 -0.373085 -0.386289
v 0.407846 -0.395076 -0.364886
v 0.409404 -0.315722 -0.399083
v 0.437394 -0.343589 -0.373951
v 0.288143 -0.130369 -0.458082
v 0.324779 -0.231567 -0.444786
v 0.318904 -0.154836 -0.456435
v 0.403710 -0.230657 -0.421689
v 0.404384 -0.151353 -0.439131
v 0.488703 -0.396008 -0.327668
v 0.462337 -0.291322 -0.386507
v 0.486057 -0.314328 -0.363191
v 0.544847 -0.371870 -0.309768
v 0.568401 -0.314963 -0.324411
v 0.487082 -0.233589 -0.395392
v 0.514465 -0.260774 -0.372627
v 0.483240 -0.150915 -0.413434
v 0.538635 -0.208283 -0.383432
v 0.563714 -0.232682 -0.360329
v 0.564470 -0.149942 -0.389655
v 0.591535 -0.175507 -0.372273
v 0.516145 -0.423788 -0.292653
v 0.566532 -0.388426 -0.290001
v 0.599570 -0.426677 -0.214644
v 0.597378 -0.343564 -0.294041
v 0.626216 -0.455143 -0.164892
v 0.604004 -0.510604 -0.065191
v 0.609562 -0.516176 -0.018735
v 0.642406 -0.470838 -0.094316
v 0.649373 -0.477515 -0.018735
v 0.684327 -0.431665 -0.068177
v 0.690368 -0.437704 -0.018735
v 0.615499 -0.290877 -0.307675
v 0.644406 -0.225704 -0.319742
v 0.610007 -0.122045 -0.379423
v 0.641428 -0.151411 -0.362396
v 0.683254 -0.192619 -0.298411
v 0.695779 -0.150734 -0.310755
v 0.623162 -0.376260 -0.243370
v 0.651304 -0.398715 -0.186465
v 0.645416 -0.314298 -0.262934
v 0.672723 -0.336083 -0.205081
v 0.692449 -0.364827 -0.152747
v 0.690713 -0.283001 -0.229259
v 0.710778 -0.311300 -0.179736
v 0.676309 -0.418741 -0.122168
v 0.696110 -0.419219 -0.072395
v 0.741453 -0.390370 -0.012828
v 0.748108 -0.313529 -0.105616
v 0.768285 -0.350996 -0.013238
v 0.668938 -0.246676 -0.283773
v 0.715865 -0.219761 -0.251994
v 0.750750 -0.251814 -0.179439
v 0.737582 -0.151967 -0.272344
v 0.761252 -0.269570 -0.137144
v 0.774915 -0.290846 -0.085010
v 0.785163 -0.318161 -0.007348
v 0.761784 -0.190765 -0.217768
v 0.777013 -0.211990 -0.179427
v 0.776425 -0.151725 -0.232009
v 0.822846 -0.152858 -0.175692
v 0.847954 -0.122094 -0.153425
v 0.796490 -0.240442 -0.107133
v 0.824423 -0.223971 -0.016437
v 0.834146 -0.174851 -0.098773
v 0.838186 -0.184149 -0.041212
v 0.842581 -0.191939 0.011812
v 0.852192 -0.133700 -0.098134
v 0.857458 -0.155823 -0.016432
v 0.005599 -0.926247 0.061296
v 0.005535 -0.920427 0.141071
v 0.083887 -0.910707 0.064708
v 0.066368 -0.910707 0.142404
v 0.005141 -0.915682 0.196027
v 0.047108 -0.912876 0.202008
v 0.107738 -0.897279 0.061109
v 0.099650 -0.892431 0.140973
v 0.005176 -0.872972 0.234249
v 0.005297 -0.833301 0.265809
v 0.005401 -0.789366 0.297136
v 0.092126 -0.879632 0.222416
v 0.053007 -0.828933 0.261146
v 0.107313 -0.820465 0.254813
v 0.098461 -0.795148 0.279017
v 0.165497 -0.865519 0.061388
v 0.168968 -0.849103 0.138030
v 0.197034 -0.822525 0.162233
v 0.215841 -0.835595 0.061451
v 0.207541 -0.829765 0.109151
v 0.255683 -0.810324 0.061461
v 0.238086 -0.800923 0.137708
v 0.146663 -0.845028 0.206994
v 0.189293 -0.815330 0.208161
v 0.150340 -0.764987 0.275182
v 0.249057 -0.773695 0.209798
v 0.315839 -0.771179 0.061686
v 0.298866 -0.758210 0.140731
v 0.285906 -0.748024 0.210807
v 0.005228 -0.736052 0.331556
v 0.085521 -0.731213 0.328828
v 0.203421 -0.747325 0.259660
v 0.175278 -0.715537 0.307926
v 0.197919 -0.664042 0.336065
v 0.244093 -0.733791 0.247767
v 0.244382 -0.694395 0.282782
v 0.244544 -0.646815 0.322853
v 0.005396 -0.697354 0.359349
v 0.005228 -0.628465 0.395746
v 0.084971 -0.689917 0.355202
v 0.085284 -0.630539 0.393402
v 0.005228 -0.585622 0.417844
v 0.005429 -0.546837 0.439579
v 0.005964 -0.471397 0.477006
v 0.085153 -0.578604 0.417352
v 0.085205 -0.538645 0.433819
v 0.085137 -0.469764 0.459742
v 0.145712 -0.682394 0.351218
v 0.162762 -0.633443 0.383524
v 0.245251 -0.607891 0.355005
v 0.165304 -0.563071 0.412143
v 0.164471 -0.521895 0.424121
v 0.164471 -0.469222 0.443421
v 0.239431 -0.544429 0.401120
v 0.207864 -0.510855 0.420076
v 0.261961 -0.497842 0.414679
v 0.238772 -0.470489 0.431365
v 0.005336 -0.389930 0.492674
v 0.005228 -0.338903 0.497823
v 0.085330 -0.390520 0.485837
v 0.085011 -0.329359 0.497176
v 0.005228 -0.299092 0.502236
v 0.084911 -0.289387 0.503034
v 0.005228 -0.230356 0.509854
v 0.005234 -0.150783 0.516395
v 0.084849 -0.230356 0.508736
v 0.084856 -0.150783 0.516267
v 0.164880 -0.390333 0.471773
v 0.163893 -0.306679 0.490421
v 0.244507 -0.390343 0.458683
v 0.244093 -0.309978 0.478189
v 0.137046 -0.278091 0.501412
v 0.190048 -0.261176 0.496991
v 0.244353 -0.243900 0.494703
v 0.164080 -0.233294 0.507139
v 0.164717 -0.150964 0.518728
v 0.244457 -0.204138 0.503987
v 0.245078 -0.151256 0.515165
v 0.354323 -0.740951 0.061235
v 0.339466 -0.730309 0.141021
v 0.409467 -0.696705 0.060652
v 0.389099 -0.689456 0.140731
v 0.438178 -0.664161 0.086337
v 0.428910 -0.656485 0.140731
v 0.329226 -0.718360 0.211984
v 0.294779 -0.676839 0.267171
v 0.347667 -0.655659 0.250229
v 0.316624 -0.622824 0.295533
v 0.376264 -0.679548 0.213502
v 0.417719 -0.644425 0.213404
v 0.381028 -0.602578 0.271128
v 0.338662 -0.568874 0.324210
v 0.434523 -0.581020 0.252804
v 0.403728 -0.548982 0.300799
v 0.425104 -0.494678 0.328482
v 0.445946 -0.671082 0.033394
v 0.477810 -0.637643 0.060622
v 0.486865 -0.612538 0.134015
v 0.525228 -0.591034 0.061109
v 0.523293 -0.589174 0.102514
v 0.466038 -0.610549 0.194546
v 0.514262 -0.581609 0.155577
v 0.565039 -0.552497 0.061109
v 0.558888 -0.545960 0.169684
v 0.600790 -0.507953 0.172409
v 0.504040 -0.580544 0.189344
v 0.463947 -0.528575 0.276621
v 0.516049 -0.502780 0.254086
v 0.488526 -0.473695 0.305866
v 0.553260 -0.541682 0.182608
v 0.572363 -0.478379 0.229229
v 0.545748 -0.451019 0.281134
v 0.285581 -0.589988 0.340836
v 0.317496 -0.545856 0.356332
v 0.326536 -0.470550 0.400771
v 0.301392 -0.444401 0.426808
v 0.372023 -0.515793 0.345109
v 0.401389 -0.469702 0.362797
v 0.458943 -0.442189 0.349247
v 0.511546 -0.420482 0.332755
v 0.598117 -0.424543 0.256110
v 0.570366 -0.399807 0.310767
v 0.595626 -0.339975 0.331416
v 0.353728 -0.421220 0.414580
v 0.325726 -0.393536 0.443789
v 0.324240 -0.310710 0.468775
v 0.408544 -0.392647 0.404410
v 0.386532 -0.369547 0.432402
v 0.438557 -0.345951 0.417146
v 0.404804 -0.311180 0.453489
v 0.316008 -0.222621 0.486790
v 0.337914 -0.150734 0.493196
v 0.404558 -0.231251 0.468819
v 0.403337 -0.150734 0.478296
v 0.283950 -0.190610 0.499040
v 0.298440 -0.150929 0.503158
v 0.485099 -0.393319 0.367934
v 0.486750 -0.316870 0.408462
v 0.461728 -0.293784 0.430518
v 0.545523 -0.370341 0.355022
v 0.591570 -0.323038 0.350421
v 0.513793 -0.258479 0.414746
v 0.487086 -0.232487 0.440517
v 0.484213 -0.151653 0.462589
v 0.562082 -0.231761 0.401624
v 0.534177 -0.205398 0.425332
v 0.587258 -0.170840 0.411548
v 0.562875 -0.147949 0.435322
v 0.606166 -0.512687 0.061109
v 0.603684 -0.510284 0.114934
v 0.657868 -0.468017 0.069914
v 0.634418 -0.474144 0.170701
v 0.689109 -0.436099 0.048217
v 0.621921 -0.454071 0.204498
v 0.682000 -0.429391 0.100877
v 0.679020 -0.421049 0.142580
v 0.713112 -0.399415 0.069741
v 0.704779 -0.381245 0.142584
v 0.754000 -0.338150 0.061109
v 0.747303 -0.311955 0.148666
v 0.646042 -0.393736 0.224911
v 0.617079 -0.371096 0.278335
v 0.670160 -0.332593 0.245499
v 0.643350 -0.310862 0.301238
v 0.690220 -0.362139 0.192812
v 0.706495 -0.308490 0.220473
v 0.688455 -0.279512 0.268133
v 0.759654 -0.267060 0.177436
v 0.669094 -0.247080 0.324508
v 0.747972 -0.236956 0.226968
v 0.693082 -0.216583 0.321860
v 0.759652 -0.187434 0.257053
v 0.739797 -0.156543 0.316100
v 0.781467 -0.300268 0.061805
v 0.773047 -0.284814 0.125642
v 0.826083 -0.225241 0.068031
v 0.794555 -0.238770 0.148618
v 0.840392 -0.189227 0.098090
v 0.835959 -0.178534 0.142612
v 0.845325 -0.193473 0.045314
v 0.862142 -0.160199 0.067813
v 0.866647 -0.140395 0.133843
v 0.776577 -0.213979 0.203972
v 0.803116 -0.153354 0.222972
v 0.777580 -0.135011 0.281262
v 0.846581 -0.119273 0.188891
v 0.614152 -0.287477 0.348407
v 0.641445 -0.223834 0.357002
v 0.638649 -0.147762 0.392832
v 0.607641 -0.117759 0.422134
v 0.683056 -0.192200 0.340510
v 0.696114 -0.150734 0.349587
v 0.005233 -0.071045 -0.473628
v 0.005217 0.008731 -0.467081
v 0.084855 -0.071045 -0.473487
v 0.084849 0.008509 -0.465809
v 0.005200 0.057759 -0.459264
v 0.084828 0.066365 -0.460306
v 0.005209 0.097502 -0.450006
v 0.007719 0.166359 -0.433910
v 0.084849 0.106004 -0.451588
v 0.084263 0.169332 -0.441793
v 0.164551 -0.071066 -0.473400
v 0.164471 0.008509 -0.465230
v 0.244387 -0.071140 -0.466954
v 0.244246 0.008604 -0.464628
v 0.164464 0.071824 -0.460093
v 0.244158 0.071475 -0.460336
v 0.164439 0.111668 -0.454440
v 0.164432 0.167937 -0.441646
v 0.244087 0.111295 -0.455597
v 0.243998 0.168276 -0.446701
v 0.011181 0.246844 -0.390966
v -0.033019 0.270895 -0.362977
v 0.041690 0.289229 -0.377932
v -0.030174 0.316076 -0.339148
v 0.083713 0.249438 -0.414341
v 0.084849 0.302401 -0.385156
v 0.084849 0.342212 -0.363320
v -0.027474 0.374504 -0.307760
v 0.084271 0.412228 -0.324404
v 0.112351 0.452842 -0.302527
v 0.163947 0.248822 -0.424947
v 0.163682 0.331724 -0.396172
v 0.138255 0.358510 -0.372260
v 0.244093 0.247375 -0.425313
v 0.243566 0.328450 -0.408469
v 0.191336 0.374710 -0.381145
v 0.163952 0.404610 -0.357251
v 0.163859 0.467555 -0.314938
v 0.243198 0.392435 -0.388394
v 0.244093 0.430621 -0.368140
v 0.242145 0.492677 -0.329039
v -0.033201 0.411500 -0.265754
v 0.005228 0.460653 -0.233278
v -0.007405 0.533005 -0.144730
v 0.058850 0.439772 -0.291014
v 0.084747 0.486907 -0.259929
v 0.059362 0.517197 -0.207786
v -0.031228 0.527190 -0.098568
v -0.026780 0.521403 -0.018512
v 0.163640 0.507749 -0.281311
v 0.216377 0.519750 -0.291944
v 0.292350 -0.071112 -0.457486
v 0.296887 0.008509 -0.458051
v 0.332186 -0.071115 -0.452692
v 0.336698 0.008509 -0.453088
v 0.403908 -0.071290 -0.445193
v 0.403385 0.008504 -0.444657
v 0.294195 0.062699 -0.459138
v 0.322062 0.088857 -0.456190
v 0.323752 0.168473 -0.451328
v 0.403385 0.088125 -0.445980
v 0.403736 0.167929 -0.448746
v 0.483744 -0.071515 -0.428257
v 0.483504 0.008340 -0.435031
v 0.562580 -0.071112 -0.402981
v 0.564130 0.007918 -0.419921
v 0.482959 0.088131 -0.434671
v 0.483433 0.167787 -0.436708
v 0.564712 0.088089 -0.426400
v 0.564122 0.168136 -0.419257
v 0.323690 0.247492 -0.430263
v 0.323715 0.326997 -0.408989
v 0.403607 0.248760 -0.439610
v 0.403427 0.327911 -0.414056
v 0.320032 0.413981 -0.388934
v 0.291301 0.444409 -0.376413
v 0.344602 0.450512 -0.377878
v 0.352834 0.503783 -0.364416
v 0.403689 0.412575 -0.389111
v 0.430387 0.442084 -0.375883
v 0.377179 0.450900 -0.379260
v 0.405678 0.488125 -0.365117
v 0.484263 0.248179 -0.431837
v 0.483505 0.327921 -0.409334
v 0.563380 0.247629 -0.408166
v 0.572314 0.349158 -0.392452
v 0.597753 0.362106 -0.374998
v 0.483185 0.391625 -0.386533
v 0.483210 0.431417 -0.370109
v 0.482959 0.486240 -0.339594
v 0.544549 0.377938 -0.382213
v 0.568840 0.406713 -0.363453
v 0.564010 0.492026 -0.319897
v 0.589971 0.520088 -0.295640
v 0.269458 0.533578 -0.303454
v 0.019311 0.545187 -0.149517
v 0.112443 0.533604 -0.225910
v 0.079721 0.572733 -0.160342
v 0.008590 0.548969 -0.098566
v 0.013031 0.545120 -0.018512
v 0.088061 0.591805 -0.102367
v 0.079857 0.584930 -0.018512
v 0.118792 0.611079 -0.077917
v 0.119668 0.608647 -0.018512
v 0.163435 0.551426 -0.241489
v 0.153698 0.606466 -0.173598
v 0.178070 0.617580 -0.177963
v 0.237769 0.570474 -0.262455
v 0.208456 0.603093 -0.214717
v 0.260963 0.619574 -0.229411
v 0.234714 0.641293 -0.194072
v 0.128082 0.603966 -0.130845
v 0.157349 0.627212 -0.102272
v 0.162847 0.637865 -0.018595
v 0.246491 0.670070 -0.101717
v 0.226551 0.676219 -0.018952
v 0.274630 0.689924 -0.077564
v 0.266075 0.698375 -0.018934
v 0.339437 0.552318 -0.318203
v 0.403689 0.548571 -0.318471
v 0.483576 0.541719 -0.310294
v 0.535826 0.532408 -0.300633
v 0.329111 0.589727 -0.282582
v 0.317679 0.631140 -0.243150
v 0.305397 0.675638 -0.200780
v 0.403337 0.586345 -0.278234
v 0.412193 0.647447 -0.217396
v 0.399489 0.662618 -0.200247
v 0.287423 0.683539 -0.130645
v 0.424674 0.683822 -0.131483
v 0.310521 0.692776 -0.140173
v 0.371489 0.686137 -0.140831
v 0.313582 0.703010 -0.103979
v 0.321209 0.728517 -0.013767
v 0.400152 0.694417 -0.102056
v 0.402033 0.722432 -0.002860
v 0.483448 0.582649 -0.277418
v 0.485976 0.627969 -0.228878
v 0.482959 0.652357 -0.177756
v 0.557446 0.589858 -0.268379
v 0.559667 0.608515 -0.240343
v 0.562580 0.637108 -0.177756
v 0.483152 0.679412 -0.121123
v 0.570511 0.674321 -0.096679
v 0.602073 0.685234 -0.058192
v 0.482959 0.691857 -0.080818
v 0.483599 0.709124 -0.021388
v 0.549094 0.689035 -0.068776
v 0.572549 0.698600 -0.038530
v 0.622631 -0.071425 -0.385769
v 0.681906 -0.087415 -0.361244
v 0.635029 0.008297 -0.392448
v 0.674054 0.008509 -0.373000
v 0.717174 -0.051706 -0.343204
v 0.724479 0.008136 -0.348822
v 0.648246 0.090293 -0.392471
v 0.680168 0.090298 -0.378316
v 0.632960 0.167753 -0.389662
v 0.672771 0.167753 -0.372925
v 0.734023 0.070891 -0.356697
v 0.722924 0.168100 -0.352434
v 0.763599 -0.037064 -0.298984
v 0.771366 0.008509 -0.306083
v 0.769875 0.105050 -0.338989
v 0.801152 0.158835 -0.314408
v 0.753835 -0.090978 -0.289592
v 0.799868 -0.067357 -0.256837
v 0.834442 -0.097179 -0.207835
v 0.812651 0.008084 -0.269872
v 0.846599 -0.043108 -0.222586
v 0.863414 -0.072559 -0.193854
v 0.852979 0.008136 -0.230055
v 0.896066 0.003527 -0.181553
v 0.882240 -0.071112 -0.098134
v 0.902912 -0.064385 -0.012566
v 0.916778 0.001374 -0.099602
v 0.918870 -0.023731 -0.035083
v 0.823839 0.087831 -0.278114
v 0.821785 0.177472 -0.294443
v 0.857888 0.088131 -0.236884
v 0.887404 0.087008 -0.202403
v 0.842329 0.205383 -0.275461
v 0.894585 0.165055 -0.207712
v 0.916588 0.088131 -0.126777
v 0.919586 0.138883 -0.134580
v 0.622328 0.247375 -0.385193
v 0.662943 0.247628 -0.368449
v 0.613900 0.309416 -0.384567
v 0.642471 0.333417 -0.362098
v 0.723084 0.247873 -0.336654
v 0.722458 0.323984 -0.315668
v 0.643873 0.406955 -0.321871
v 0.618445 0.465886 -0.307284
v 0.693426 0.380639 -0.304365
v 0.774376 0.247375 -0.304628
v 0.764440 0.293729 -0.298827
v 0.747880 0.347761 -0.289916
v 0.671527 0.433720 -0.290595
v 0.646053 0.491789 -0.281214
v 0.723075 0.408948 -0.276127
v 0.718916 0.481557 -0.236104
v 0.745761 0.508385 -0.179416
v 0.759765 0.524323 -0.135180
v 0.814186 0.247375 -0.281382
v 0.817171 0.355256 -0.250538
v 0.840261 0.365699 -0.216429
v 0.873663 0.247947 -0.246511
v 0.910992 0.241705 -0.200624
v 0.875959 0.291291 -0.244295
v 0.906290 0.292271 -0.216365
v 0.914973 0.357602 -0.139348
v 0.784708 0.408952 -0.234487
v 0.824781 0.413498 -0.185035
v 0.763334 0.448320 -0.219509
v 0.783324 0.468086 -0.179182
v 0.863481 0.391543 -0.163348
v 0.839635 0.444624 -0.136091
v 0.822675 0.508651 -0.079191
v 0.822616 0.513989 -0.058801
v 0.922104 0.411247 -0.076105
v 0.903550 0.429342 -0.022770
v 0.864951 0.470574 -0.080505
v 0.864117 0.470121 -0.018512
v 0.920919 -0.031383 0.018260
v 0.931212 0.029310 -0.074794
v 0.943535 0.019083 -0.031607
v 0.922722 0.191964 -0.142743
v 0.931882 0.088131 -0.086966
v 0.969542 0.067542 0.017402
v 0.934919 0.166118 -0.105153
v 0.955356 0.152691 -0.041378
v 0.926370 0.247324 -0.143337
v 0.921045 0.289088 -0.138834
v 0.935422 0.247515 -0.098979
v 0.946057 0.247704 -0.018840
v 0.927181 0.320332 -0.099444
v 0.936597 0.341329 -0.005298
v 0.925921 0.394149 -0.059352
v 0.925831 0.378348 -0.018133
v 0.621530 0.599236 -0.229386
v 0.664041 0.588257 -0.178899
v 0.611359 0.607086 -0.222155
v 0.620451 0.624818 -0.180347
v 0.686407 0.530942 -0.222589
v 0.705824 0.548808 -0.179318
v 0.677960 0.601928 -0.131953
v 0.636266 0.655667 -0.107612
v 0.653285 0.688858 -0.029353
v 0.727839 0.571420 -0.107026
v 0.745070 0.594071 -0.045315
v 0.695913 0.618517 -0.078872
v 0.713707 0.637968 -0.017438
v 0.616779 0.700919 -0.006944
v 0.777718 0.540912 -0.082099
v 0.784112 0.553751 -0.052106
v 0.005227 0.036759 0.498302
v 0.084849 0.037530 0.497887
v 0.005228 -0.071112 0.507326
v 0.005225 -0.003056 0.501814
v 0.084847 -0.071079 0.508485
v 0.084850 -0.002249 0.502154
v -0.009501 0.113328 0.490656
v 0.025625 0.141639 0.485592
v 0.084851 0.088219 0.493168
v 0.076942 0.179333 0.481185
v 0.164471 0.035109 0.497630
v 0.244093 0.032687 0.497373
v 0.164472 -0.071075 0.508921
v 0.164471 -0.004702 0.501848
v 0.244229 -0.070897 0.510421
v 0.244093 -0.007124 0.501591
v 0.164471 0.088131 0.492013
v 0.164468 0.167903 0.483321
v 0.244093 0.088131 0.491499
v 0.244090 0.167903 0.483523
v -0.024014 0.519755 0.061109
v -0.021260 0.519006 0.140801
v 0.010757 0.427485 0.339316
v -0.006027 0.524107 0.182751
v 0.004640 0.463658 0.283621
v 0.046481 0.446857 0.338221
v 0.058490 0.518132 0.248347
v 0.088686 0.476910 0.332767
v 0.162822 0.515749 0.331055
v 0.210324 0.523223 0.338382
v 0.005228 0.275596 0.413654
v 0.005383 0.235465 0.432891
v 0.005228 0.326997 0.388137
v 0.048275 0.285671 0.418656
v 0.116058 0.207549 0.475527
v 0.078931 0.325533 0.405525
v 0.101503 0.298084 0.424863
v -0.007571 0.414848 0.341551
v 0.078340 0.413901 0.361984
v 0.100542 0.457719 0.345390
v 0.164792 0.248013 0.470027
v 0.164612 0.354229 0.412650
v 0.164471 0.314688 0.434163
v 0.215181 0.285454 0.464509
v 0.206237 0.365755 0.418843
v 0.254190 0.314438 0.460240
v 0.164651 0.406250 0.385656
v 0.164471 0.472681 0.352818
v 0.237448 0.406332 0.405407
v 0.259318 0.380059 0.426517
v 0.239968 0.492080 0.360767
v 0.354572 -0.071350 0.499787
v 0.328945 0.009954 0.500746
v 0.403898 -0.071355 0.489854
v 0.403714 0.008554 0.492146
v 0.314819 -0.071196 0.506958
v 0.305615 -0.015791 0.503650
v 0.323715 0.088131 0.490986
v 0.323716 0.167841 0.483136
v 0.403639 0.088285 0.490746
v 0.403472 0.167968 0.484522
v 0.483525 -0.071357 0.473818
v 0.482959 0.008510 0.475981
v 0.569844 -0.078279 0.455210
v 0.562936 0.008415 0.463342
v 0.482959 0.088131 0.477111
v 0.483336 0.167798 0.479010
v 0.562580 0.088131 0.463130
v 0.563616 0.167818 0.465820
v 0.600794 0.524343 0.338691
v 0.323710 0.247484 0.472495
v 0.304887 0.352115 0.454686
v 0.403334 0.247525 0.473231
v 0.403524 0.328011 0.464063
v 0.308560 0.433140 0.412278
v 0.348858 0.384788 0.449871
v 0.329995 0.480296 0.395459
v 0.361642 0.447445 0.419953
v 0.438810 0.444968 0.419074
v 0.385231 0.419746 0.442196
v 0.387644 0.482716 0.403887
v 0.384978 0.449739 0.423945
v 0.483113 0.247789 0.474954
v 0.483453 0.328491 0.460606
v 0.542429 0.249001 0.472221
v 0.592183 0.355583 0.414730
v 0.531015 0.325063 0.458830
v 0.482959 0.433900 0.413835
v 0.482959 0.394089 0.431541
v 0.483445 0.487968 0.388895
v 0.565554 0.406904 0.406285
v 0.539713 0.379202 0.426566
v 0.576384 0.497247 0.369279
v 0.015796 0.543472 0.061109
v 0.018552 0.542053 0.140801
v 0.082435 0.584005 0.061151
v 0.092354 0.584834 0.133621
v 0.122118 0.607807 0.061179
v 0.124413 0.605812 0.102256
v 0.025772 0.541830 0.184242
v 0.075827 0.569727 0.186592
v 0.111287 0.534253 0.270764
v 0.129322 0.603052 0.155338
v 0.163932 0.632012 0.061177
v 0.159306 0.622173 0.133571
v 0.230738 0.670684 0.061180
v 0.238594 0.666005 0.140731
v 0.148435 0.609089 0.197966
v 0.178386 0.531080 0.326301
v 0.177935 0.625783 0.199579
v 0.211909 0.601521 0.254801
v 0.241605 0.563305 0.324936
v 0.237857 0.659586 0.197406
v 0.264990 0.615971 0.273463
v 0.270775 0.693115 0.061161
v 0.278404 0.688387 0.140731
v 0.282731 0.685041 0.196301
v 0.263535 0.535441 0.344479
v 0.321210 0.609539 0.321299
v 0.295200 0.665045 0.234155
v 0.320930 0.632385 0.291019
v 0.403660 0.590624 0.326633
v 0.403484 0.666556 0.229395
v 0.403590 0.626398 0.285870
v 0.310044 0.714517 0.060512
v 0.298418 0.699939 0.137845
v 0.403430 0.713564 0.061483
v 0.403337 0.698233 0.140731
v 0.289582 0.688859 0.196624
v 0.403447 0.688860 0.190021
v 0.601543 0.684726 0.099040
v 0.592142 0.678419 0.140731
v 0.483273 0.585603 0.317835
v 0.483240 0.662131 0.227634
v 0.482959 0.619618 0.276171
v 0.596975 0.602204 0.255968
v 0.594186 0.563660 0.313847
v 0.584671 0.654950 0.216178
v 0.545017 0.616033 0.271050
v 0.483184 0.706558 0.061320
v 0.483051 0.698026 0.141105
v 0.602751 0.688860 0.082698
v 0.568279 0.692724 0.145530
v 0.482935 0.688860 0.185414
v 0.558279 0.689137 0.180353
v 0.339052 0.553605 0.356467
v 0.403337 0.548732 0.354613
v 0.483115 0.545059 0.352983
v 0.569735 0.533465 0.354017
v 0.754009 -0.097735 0.335029
v 0.901628 -0.071766 0.061109
v 0.906197 -0.064854 0.149925
v 0.914771 0.008142 0.162954
v 0.829655 -0.092728 0.241972
v 0.811482 -0.072304 0.301154
v 0.826550 0.007781 0.320059
v 0.872662 -0.047794 0.219461
v 0.847147 -0.040155 0.269217
v 0.883785 0.008510 0.220353
v 0.854910 0.008040 0.277295
v 0.918322 0.060734 0.175746
v 0.818596 0.088160 0.319602
v 0.818533 0.167782 0.318508
v 0.903583 0.087003 0.217888
v 0.859415 0.088031 0.280044
v 0.900453 0.167614 0.234459
v 0.856967 0.167753 0.276685
v 0.663934 -0.071555 0.407861
v 0.625500 -0.072577 0.433949
v 0.678303 -0.025410 0.416829
v 0.653490 0.001829 0.445950
v 0.724517 -0.070709 0.364878
v 0.716248 -0.008130 0.398020
v 0.686826 0.027141 0.424729
v 0.680180 0.120041 0.418481
v 0.640094 0.089758 0.447750
v 0.674644 0.167753 0.415685
v 0.636324 0.168047 0.439328
v 0.717199 0.091520 0.399656
v 0.684760 0.067008 0.422043
v 0.724097 0.167981 0.391147
v 0.769570 -0.043900 0.345301
v 0.774418 -0.016969 0.353721
v 0.777027 0.088131 0.351513
v 0.776918 0.167753 0.351430
v 0.756566 0.361179 0.336881
v 0.678678 0.442861 0.337499
v 0.648164 0.493177 0.326182
v 0.727038 0.412880 0.324784
v 0.746253 0.511213 0.249215
v 0.720863 0.485325 0.284578
v 0.916049 0.355805 0.076645
v 0.904212 0.334842 0.182394
v 0.818469 0.247405 0.317414
v 0.838765 0.360468 0.256815
v 0.795603 0.318712 0.336879
v 0.899110 0.248344 0.232262
v 0.857271 0.247674 0.277765
v 0.902482 0.338633 0.182718
v 0.851316 0.307973 0.271750
v 0.824887 0.509086 0.061109
v 0.830914 0.509124 0.141610
v 0.884436 0.447987 0.032164
v 0.880995 0.406619 0.140731
v 0.871869 0.460241 0.068294
v 0.849043 0.482506 0.133902
v 0.829511 0.408276 0.247580
v 0.789550 0.409075 0.285979
v 0.827225 0.503784 0.196623
v 0.770471 0.455885 0.266222
v 0.868534 0.413132 0.188989
v 0.848090 0.457999 0.192764
v 0.665405 0.247375 0.411017
v 0.625594 0.247375 0.431129
v 0.643622 0.329425 0.406288
v 0.616037 0.303049 0.428230
v 0.723297 0.247613 0.384109
v 0.728478 0.332596 0.364841
v 0.649822 0.413967 0.368272
v 0.626842 0.472416 0.352656
v 0.703758 0.390308 0.350578
v 0.777831 0.247424 0.351550
v 0.774524 0.308712 0.350699
v 0.921200 -0.031955 0.061109
v 0.923865 -0.027925 0.113063
v 0.944091 0.014349 0.070703
v 0.933652 -0.002420 0.110177
v 0.964346 0.074731 0.064204
v 0.937377 0.086928 0.147320
v 0.962249 0.140707 0.089281
v 0.958451 0.169932 0.138810
v 0.923788 0.113816 0.186000
v 0.932070 0.167327 0.193278
v 0.951712 0.248319 0.061211
v 0.953730 0.226175 0.173246
v 0.932835 0.329680 0.055040
v 0.922082 0.295623 0.179096
v 0.941527 0.221300 0.190793
v 0.922026 0.290105 0.182084
v 0.921330 0.367835 0.023564
v 0.640912 0.667721 0.067943
v 0.642202 0.644832 0.140731
v 0.746190 0.592950 0.061384
v 0.733409 0.587523 0.141472
v 0.706175 0.627154 0.061883
v 0.691290 0.611897 0.140731
v 0.645021 0.592063 0.240414
v 0.644309 0.550497 0.287592
v 0.645105 0.623599 0.199451
v 0.724628 0.574419 0.190674
v 0.691973 0.532767 0.268065
v 0.682214 0.605808 0.180986
v 0.618339 0.688860 0.048135
v 0.785076 0.550346 0.061109
v 0.785910 0.548025 0.141315
v 0.776779 0.537830 0.195195
vn -0.6821 -0.7307 -0.0280
vn -0.8054 -0.5922 -0.0265
vn -0.6519 -0.4216 -0.6303
vn -0.8547 -0.5060 -0.1162
vn -0.8577 -0.5018 -0.1119
vn -0.8552 -0.5082 -0.1016
vn -0.6209 -0.4627 -0.6327
vn -0.5763 -0.5167 -0.6332
vn -0.6372 -0.5455 -0.5444
vn -0.8649 -0.4959 -0.0771
vn -0.5371 -0.4283 -0.7267
vn -0.8545 -0.5059 -0.1175
vn -0.5425 -0.4500 -0.7094
vn -0.5470 -0.4159 -0.7266
vn -0.5700 -0.3898 -0.7233
vn -0.8504 -0.4678 -0.2407
vn -0.8410 -0.4979 -0.2117
vn -0.8397 -0.4884 -0.2375
vn -0.6494 -0.5526 -0.5224
vn -0.8364 -0.5028 -0.2184
vn -0.8383 -0.4963 -0.2255
vn -0.8267 -0.5187 -0.2180
vn -0.8658 -0.4943 -0.0774
vn -0.6264 -0.5553 -0.5471
vn -0.5615 -0.4350 -0.7039
vn -0.5100 -0.4580 -0.7281
vn -0.5524 -0.4580 -0.6965
vn -0.4858 -0.7330 -0.4762
vn -0.5474 -0.7552 -0.3606
vn -0.5653 -0.7407 -0.3631
vn -0.4154 -0.9095 0.0136
vn -0.2934 -0.5923 -0.7504
vn -0.3146 -0.5820 -0.7498
vn -0.1906 -0.4942 -0.8482
vn -0.3205 -0.6263 -0.7107
vn -0.4947 -0.6954 -0.5213
vn -0.5470 -0.7629 -0.3445
vn -0.4875 -0.7405 -0.4626
vn -0.5060 -0.8614 0.0451
vn -0.5312 -0.7523 -0.3896
vn -0.5477 -0.7524 -0.3659
vn -0.5005 -0.7372 -0.4538
vn -0.5487 -0.7321 -0.4037
vn -0.3228 -0.4354 -0.8403
vn -0.5992 -0.7241 -0.3416
vn -0.6823 -0.4821 -0.5496
vn -0.6117 -0.5462 -0.5722
vn -0.6250 -0.5757 -0.5273
vn -0.5331 -0.7552 -0.3813
vn -0.5417 -0.7603 -0.3585
vn -0.5611 -0.7441 -0.3625
vn -0.5794 -0.7449 -0.3308
vn -0.5510 -0.7561 -0.3531
vn -0.5940 -0.7285 -0.3411
vn -0.5848 -0.7290 -0.3559
vn -0.5070 -0.3806 -0.7734
vn -0.5899 -0.7081 -0.3880
vn -0.3029 -0.4862 -0.8197
vn -0.6046 -0.7844 -0.1388
vn -0.6382 -0.5896 -0.4950
vn -0.5964 -0.7289 -0.3362
vn -0.5547 -0.7576 -0.3440
vn -0.5431 -0.7558 -0.3658
vn -0.5879 -0.7405 -0.3256
vn -0.6036 -0.7200 -0.3424
vn -0.5951 -0.7258 -0.3452
vn -0.4677 -0.3894 -0.7935
vn -0.4430 -0.4026 -0.8011
vn -0.4320 -0.3995 -0.8086
vn -0.4414 -0.3736 -0.8159
vn -0.4346 -0.4147 -0.7995
vn -0.3598 -0.4477 -0.8186
vn -0.3164 -0.3546 -0.8799
vn -0.2127 -0.1363 -0.9676
vn -0.4438 -0.3920 -0.8058
vn -0.2234 -0.1334 -0.9656
vn -0.4526 -0.4059 -0.7940
vn -0.1988 -0.1425 -0.9696
vn -0.4469 -0.3982 -0.8011
vn -0.3343 -0.4176 -0.8449
vn -0.3479 -0.4243 -0.8360
vn -0.1785 -0.2648 -0.9476
vn -0.0520 -0.5206 -0.8522
vn -0.0127 -0.3766 -0.9263
vn -0.0116 -0.3286 -0.9444
vn -0.2588 -0.5340 -0.8049
vn -0.1115 -0.3101 -0.9441
vn -0.1135 -0.3265 -0.9384
vn -0.3170 -0.4972 -0.8076
vn -0.0250 -0.3909 -0.9201
vn -0.0401 -0.3905 -0.9197
vn -0.3077 -0.5749 -0.7582
vn -0.1203 -0.2436 -0.9624
vn -0.0541 -0.0657 -0.9964
vn -0.1785 -0.1796 -0.9674
vn -0.0256 -0.0632 -0.9977
vn -0.1546 -0.2198 -0.9632
vn -0.0339 -0.0632 -0.9974
vn -0.0494 -0.0279 -0.9984
vn -0.1287 -0.1754 -0.9760
vn -0.1039 -0.1327 -0.9857
vn -0.1260 -0.1854 -0.9745
vn -0.1313 -0.0963 -0.9866
vn -0.1221 -0.1705 -0.9778
vn -0.1137 -0.1404 -0.9835
vn -0.1146 -0.1823 -0.9765
vn -0.0639 -0.0582 -0.9963
vn -0.3389 -0.4331 -0.8352
vn -0.3161 -0.4570 -0.8314
vn -0.5367 -0.7465 -0.3933
vn -0.3141 -0.5732 -0.7568
vn -0.5440 -0.7614 -0.3527
vn -0.2137 -0.3650 -0.9061
vn -0.1243 -0.1902 -0.9738
vn -0.1031 -0.0983 -0.9898
vn -0.0887 -0.1791 -0.9798
vn -0.3424 -0.4464 -0.8267
vn -0.3417 -0.4341 -0.8336
vn -0.4471 -0.4059 -0.7971
vn -0.1320 -0.3259 -0.9361
vn -0.0872 -0.3042 -0.9486
vn -0.1602 -0.3102 -0.9371
vn -0.6282 -0.4692 -0.6206
vn -0.5917 -0.3804 -0.7107
vn -0.4168 -0.4338 -0.7988
vn -0.3436 -0.4527 -0.8228
vn -0.3368 -0.4350 -0.8351
vn -0.4535 -0.4055 -0.7936
vn -0.5460 -0.4342 -0.7165
vn -0.5026 -0.4197 -0.7558
vn -0.3085 -0.5827 -0.7518
vn -0.3102 -0.6001 -0.7373
vn -0.0553 -0.5680 -0.8211
vn -0.3012 -0.5796 -0.7572
vn -0.4697 -0.4211 -0.7759
vn -0.2596 -0.5478 -0.7953
vn -0.2804 -0.3223 -0.9042
vn -0.7251 -0.6882 -0.0258
vn -0.5577 -0.7512 -0.3531
vn -0.6205 -0.5716 -0.5369
vn -0.4711 -0.4103 -0.7808
vn -0.4994 -0.4092 -0.7636
vn -0.5374 -0.3966 -0.7443
vn -0.6371 -0.5394 -0.5505
vn -0.5631 -0.3886 -0.7293
vn -0.4864 -0.4198 -0.7663
vn -0.6614 -0.5190 -0.5415
vn -0.4787 -0.7385 -0.4749
vn -0.2948 -0.5788 -0.7603
vn -0.1413 -0.5665 -0.8119
vn -0.5336 -0.7713 -0.3469
vn -0.3249 -0.5695 -0.7550
vn -0.6639 -0.6872 0.2949
vn -0.7753 -0.6308 -0.0318
vn -0.8573 -0.4861 -0.1696
vn -0.8386 -0.5434 -0.0389
vn -0.7531 -0.4880 0.4412
vn -0.7267 -0.5165 0.4529
vn -0.8389 -0.5435 -0.0289
vn -0.6726 -0.5260 0.5205
vn -0.6447 -0.5275 0.5533
vn -0.6354 -0.5271 0.5644
vn -0.8392 -0.5437 -0.0135
vn -0.7612 -0.4788 0.4374
vn -0.7267 -0.5054 0.4653
vn -0.8432 -0.5374 -0.0143
vn -0.6616 -0.5061 0.5533
vn -0.6597 -0.4923 0.5678
vn -0.7276 -0.5032 0.4662
vn -0.7537 -0.4282 0.4987
vn -0.6608 -0.5414 0.5198
vn -0.7474 -0.5017 0.4354
vn -0.4900 -0.3397 0.8028
vn -0.8453 -0.5332 -0.0335
vn -0.6361 -0.5418 0.5495
vn -0.6507 -0.5386 0.5353
vn -0.5280 -0.5026 0.6846
vn -0.5684 -0.4567 0.6843
vn -0.5234 -0.4899 0.6972
vn -0.4813 -0.3724 0.7935
vn -0.4448 -0.8946 0.0431
vn -0.4931 -0.8687 0.0468
vn -0.5665 -0.7484 0.3448
vn -0.3645 -0.5757 0.7319
vn -0.0108 -0.9898 0.1421
vn -0.2844 -0.5517 0.7840
vn -0.0838 -0.6822 0.7263
vn -0.0389 -0.7061 0.7070
vn -0.5235 -0.8513 0.0355
vn -0.3238 -0.5865 0.7424
vn -0.3703 -0.5304 0.7626
vn -0.4932 -0.8690 0.0406
vn -0.0572 -0.6530 0.7552
vn -0.5773 -0.7458 0.3326
vn -0.5432 -0.7538 0.3698
vn -0.4363 -0.8981 0.0547
vn -0.6227 -0.7043 0.3409
vn -0.4960 -0.8089 0.3158
vn -0.6050 -0.7222 0.3353
vn -0.6283 -0.7141 0.3086
vn -0.6418 -0.5293 0.5550
vn -0.6505 -0.5359 0.5382
vn -0.6373 -0.5305 0.5589
vn -0.5762 -0.7481 0.3292
vn -0.3516 -0.5888 0.7278
vn -0.3335 -0.6237 0.7069
vn -0.5773 -0.7457 0.3325
vn -0.6341 -0.7087 0.3092
vn -0.6170 -0.7266 0.3021
vn -0.6310 -0.6813 0.3711
vn -0.5313 -0.4590 0.7121
vn -0.6389 -0.6736 0.3716
vn -0.3406 -0.5878 0.7338
vn -0.6243 -0.6898 0.3665
vn -0.5981 -0.7127 0.3666
vn -0.5912 -0.7311 0.3406
vn -0.5734 -0.7472 0.3359
vn -0.6442 -0.7101 0.2842
vn -0.6296 -0.7231 0.2841
vn -0.4999 -0.5136 0.6974
vn -0.5013 -0.4277 0.7522
vn -0.4022 -0.5903 0.6998
vn -0.5448 -0.3837 0.7456
vn -0.4023 -0.2622 0.8772
vn -0.3763 -0.2917 0.8794
vn -0.4071 -0.2293 0.8842
vn -0.4109 -0.2924 0.8635
vn -0.2458 -0.2223 0.9435
vn -0.2430 -0.2277 0.9429
vn -0.4080 -0.3232 0.8539
vn -0.5323 -0.3157 0.7855
vn -0.2544 -0.2488 0.9345
vn -0.4382 -0.2872 0.8518
vn -0.4890 -0.3062 0.8168
vn -0.2429 -0.1956 0.9501
vn -0.2330 -0.2253 0.9460
vn -0.3146 -0.1843 0.9312
vn -0.3359 -0.5797 0.7424
vn -0.1476 -0.4154 0.8976
vn -0.1835 -0.3867 0.9037
vn -0.1492 -0.4267 0.8920
vn -0.2497 -0.4680 0.8478
vn -0.1589 -0.4139 0.8964
vn -0.1656 -0.4445 0.8803
vn -0.3088 -0.4595 0.8328
vn -0.1379 -0.3466 0.9278
vn -0.1488 -0.4241 0.8933
vn -0.3023 -0.4720 0.8281
vn -0.1108 -0.3657 0.9241
vn -0.2178 -0.4849 0.8470
vn -0.1563 -0.2656 0.9513
vn 0.0057 0.0666 0.9978
vn -0.0791 -0.0776 0.9938
vn 0.0361 -0.0695 0.9969
vn -0.1816 -0.2248 0.9573
vn 0.0376 0.0664 0.9971
vn -0.1715 -0.2303 0.9579
vn 0.0347 -0.1101 0.9933
vn -0.1487 -0.2599 0.9541
vn 0.0334 -0.1483 0.9884
vn -0.1748 -0.2350 0.9561
vn -0.0854 -0.2928 0.9524
vn -0.0480 -0.1114 0.9926
vn -0.3547 -0.5862 0.7284
vn -0.1593 -0.4604 0.8733
vn -0.3298 -0.4559 0.8266
vn -0.3432 -0.5843 0.7354
vn -0.1645 -0.2263 0.9601
vn -0.2451 -0.0565 0.9678
vn -0.2552 -0.2027 0.9454
vn -0.2064 -0.2463 0.9470
vn -0.6583 -0.5266 0.5379
vn -0.5802 -0.4370 0.6873
vn -0.5115 -0.4163 0.7517
vn -0.2517 -0.2255 0.9412
vn -0.5761 -0.4177 0.7025
vn -0.1624 -0.2805 0.9460
vn -0.1951 -0.2946 0.9355
vn -0.1559 -0.2745 0.9489
vn -0.5214 -0.4563 0.7211
vn -0.3644 -0.5977 0.7141
vn -0.4998 -0.4618 0.7328
vn -0.5289 -0.4540 0.7170
vn -0.5189 -0.4650 0.7173
vn -0.3186 -0.5746 0.7539
vn -0.3211 -0.5879 0.7425
vn -0.2877 -0.5963 0.7495
vn -0.3147 -0.5775 0.7533
vn -0.5240 -0.4353 0.7321
vn -0.3524 -0.5882 0.7279
vn -0.1440 -0.2647 0.9535
vn -0.6617 -0.6890 0.2958
vn -0.6631 -0.6815 0.3095
vn -0.6633 -0.5243 0.5340
vn -0.6503 -0.5528 0.5211
vn -0.5991 -0.4560 0.6581
vn -0.3623 -0.2880 0.8865
vn -0.4670 -0.2810 0.8384
vn -0.5197 -0.3601 0.7747
vn -0.5426 -0.4688 0.6970
vn -0.6505 -0.5268 0.5471
vn -0.5773 -0.7458 0.3325
vn -0.5833 -0.7443 0.3252
vn -0.3464 -0.5768 0.7398
vn -0.1824 -0.6665 0.7229
vn -0.3300 -0.5623 0.7582
vn -0.8604 -0.5045 -0.0718
vn -0.9973 -0.0567 0.0469
vn -0.8941 -0.0246 -0.4472
vn -0.8940 -0.0265 -0.4472
vn -0.9977 -0.0608 0.0295
vn -0.8583 0.5131 -0.0083
vn -0.5295 0.0568 -0.8464
vn -0.6147 -0.3228 -0.7197
vn -0.4438 0.0830 -0.8923
vn -0.3991 0.0167 -0.9167
vn -0.4159 0.1159 -0.9020
vn -0.4298 0.0771 -0.8996
vn -0.7102 -0.1925 -0.6771
vn -0.4913 0.0659 -0.8685
vn -0.4508 0.0797 -0.8890
vn -0.4409 0.0778 -0.8942
vn -0.5073 0.0755 -0.8585
vn -0.7912 -0.3029 -0.5312
vn -0.8064 -0.2751 -0.5234
vn -0.7682 -0.2563 -0.5866
vn -0.8517 0.0464 -0.5220
vn -0.5155 0.0587 -0.8549
vn -0.8402 -0.2539 -0.4791
vn -0.7387 -0.2567 -0.6233
vn -0.8222 -0.2929 -0.4881
vn -0.4184 0.0407 -0.9074
vn -0.4067 0.0503 -0.9122
vn -0.2548 0.4444 -0.8589
vn -0.4708 0.0619 -0.8801
vn -0.3811 0.3912 -0.8377
vn -0.4895 0.0669 -0.8694
vn -0.7846 0.1102 -0.6102
vn -0.7749 0.2904 -0.5614
vn -0.8006 0.1087 -0.5892
vn -0.7369 0.4867 -0.4691
vn -0.8582 0.5123 -0.0316
vn -0.8549 0.5034 -0.1257
vn -0.7637 0.4429 -0.4696
vn -0.5969 0.5929 -0.5406
vn -0.5917 0.5658 -0.5743
vn -0.7790 0.3826 -0.4968
vn -0.8065 0.2076 -0.5536
vn -0.7556 0.4521 -0.4740
vn -0.7623 0.4433 -0.4716
vn -0.8553 -0.5088 -0.0981
vn -0.9007 -0.3342 -0.2776
vn -0.9075 -0.0241 -0.4194
vn -0.8377 -0.2075 -0.5051
vn -0.8180 -0.1875 -0.5438
vn -0.8055 0.1324 -0.5776
vn -0.8136 0.1774 -0.5537
vn -0.7647 0.4436 -0.4674
vn -0.4171 0.0881 -0.9046
vn -0.4162 0.0777 -0.9059
vn -0.4827 0.0643 -0.8734
vn -0.9982 -0.0519 0.0288
vn -0.8941 -0.0234 -0.4472
vn -0.8348 0.2120 -0.5080
vn -0.6229 0.2895 -0.7268
vn -0.6430 -0.2853 -0.7107
vn -0.4838 0.0643 -0.8728
vn -0.6545 -0.2598 -0.7100
vn -0.6190 -0.2790 -0.7342
vn -0.4839 0.0625 -0.8729
vn -0.2969 0.4692 -0.8317
vn -0.3408 0.3697 -0.8644
vn -0.4849 0.0666 -0.8720
vn -0.2500 0.3854 -0.8882
vn -0.4839 0.0643 -0.8728
vn -0.9035 -0.0237 -0.4279
vn -0.4844 0.7039 -0.5194
vn -0.4841 0.7052 -0.5180
vn -0.4683 0.8622 -0.1932
vn -0.4833 0.8533 -0.1958
vn -0.4416 0.8832 -0.1578
vn -0.4107 0.7575 -0.5075
vn -0.4445 0.7623 -0.4704
vn -0.5675 0.6122 -0.5506
vn -0.2073 -0.0400 -0.9775
vn -0.1670 -0.0497 -0.9847
vn -0.1902 -0.0468 -0.9806
vn -0.1070 0.0628 -0.9923
vn -0.1818 -0.0249 -0.9830
vn -0.1919 -0.0496 -0.9802
vn -0.1922 -0.0624 -0.9794
vn -0.1414 -0.0248 -0.9896
vn -0.0687 0.0071 -0.9976
vn -0.2029 -0.0359 -0.9785
vn -0.3310 0.0892 -0.9394
vn -0.1994 0.4725 -0.8585
vn -0.1959 0.4567 -0.8678
vn 0.0809 0.3322 -0.9397
vn 0.1006 0.3779 -0.9204
vn 0.1044 0.4108 -0.9057
vn 0.0504 0.3328 -0.9417
vn -0.0729 0.5348 -0.8419
vn -0.1973 0.4665 -0.8623
vn -0.2922 0.4535 -0.8420
vn -0.3337 0.4721 -0.8159
vn 0.0949 0.3307 -0.9389
vn 0.0658 0.4376 -0.8967
vn -0.1261 -0.0169 -0.9919
vn 0.0512 0.1301 -0.9902
vn 0.0054 0.1278 -0.9918
vn 0.0324 0.1630 -0.9861
vn -0.0333 0.0614 -0.9976
vn 0.0373 0.1632 -0.9859
vn -0.0481 0.1611 -0.9858
vn 0.0343 0.1458 -0.9887
vn 0.0506 0.1142 -0.9922
vn -0.0128 0.2229 -0.9748
vn 0.0378 0.1770 -0.9835
vn -0.0470 0.2182 -0.9748
vn 0.0348 0.1504 -0.9880
vn 0.0284 0.1713 -0.9848
vn 0.1174 0.3508 -0.9291
vn 0.0878 0.2749 -0.9574
vn 0.1642 0.4583 -0.8735
vn 0.2875 0.5559 -0.7799
vn 0.2984 0.4547 -0.8392
vn 0.2113 0.4458 -0.8699
vn 0.1569 0.3438 -0.9259
vn 0.0816 0.3961 -0.9146
vn 0.2732 0.4421 -0.8543
vn 0.1124 0.3776 -0.9191
vn 0.0735 0.3519 -0.9331
vn 0.2694 0.4359 -0.8587
vn 0.2736 0.4346 -0.8580
vn 0.4361 0.7057 -0.5584
vn -0.0948 0.0082 -0.9955
vn -0.0348 0.0696 -0.9970
vn -0.0274 0.0396 -0.9988
vn -0.1409 0.0101 -0.9900
vn 0.0863 0.3446 -0.9348
vn 0.0638 0.3315 -0.9413
vn 0.0560 0.2679 -0.9618
vn -0.2137 0.0654 -0.9747
vn -0.0235 0.0739 -0.9970
vn -0.1636 -0.0728 -0.9838
vn 0.0403 0.2411 -0.9697
vn 0.1221 0.4570 -0.8810
vn 0.0637 0.3154 -0.9468
vn 0.0240 0.1785 -0.9836
vn -0.1954 0.7198 -0.6661
vn -0.1787 0.9838 0.0168
vn 0.0903 0.9026 -0.4210
vn -0.1875 0.7769 -0.6011
vn 0.0609 0.9861 -0.1543
vn -0.2068 0.7182 -0.6643
vn 0.0476 0.9968 -0.0637
vn -0.3965 0.9090 -0.1289
vn 0.0705 0.9279 -0.3660
vn 0.1749 0.8837 -0.4342
vn 0.0792 0.9243 -0.3733
vn -0.4706 0.7736 -0.4244
vn 0.1148 0.9111 -0.3959
vn 0.1074 0.9195 -0.3782
vn 0.3838 0.8367 -0.3908
vn 0.4447 0.7967 -0.4092
vn 0.3476 0.8504 -0.3950
vn 0.5157 0.8567 0.0112
vn 0.5314 0.8464 0.0350
vn 0.4221 0.7765 -0.4678
vn 0.5494 0.8354 0.0194
vn 0.3903 0.8239 -0.4109
vn 0.5543 0.8322 0.0111
vn 0.3760 0.8507 -0.3674
vn 0.4056 0.7905 -0.4589
vn 0.3996 0.8295 -0.3903
vn 0.4023 0.8343 -0.3770
vn 0.3541 0.8478 -0.3948
vn 0.3923 0.8366 -0.3824
vn 0.0261 0.9607 -0.2762
vn 0.3573 0.8647 -0.3529
vn 0.2794 0.8207 -0.4984
vn -0.1973 0.4665 -0.8622
vn -0.2164 0.5660 -0.7955
vn -0.2313 0.4621 -0.8561
vn 0.4327 0.7201 -0.5425
vn 0.4175 0.7682 -0.4853
vn -0.1250 -0.0618 -0.9902
vn -0.3075 0.1060 -0.9456
vn -0.1979 0.0447 -0.9792
vn -0.2589 0.3022 -0.9174
vn -0.4625 0.0453 -0.8854
vn -0.2956 0.3938 -0.8704
vn -0.2921 0.4108 -0.8637
vn -0.2151 0.4305 -0.8766
vn -0.4273 0.0889 -0.8997
vn -0.1748 0.7365 -0.6535
vn -0.2646 0.8297 -0.4915
vn -0.4351 0.8789 -0.1956
vn -0.4152 0.8201 -0.3938
vn -0.4349 0.8791 -0.1951
vn -0.6308 0.5439 -0.5535
vn -0.5771 0.5590 -0.5953
vn -0.8655 0.4992 -0.0414
vn -0.6604 0.5689 -0.4902
vn -0.5971 0.5808 -0.5533
vn -0.1823 0.4797 -0.8583
vn -0.0157 0.4608 -0.8873
vn -0.2161 0.4646 -0.8588
vn 0.4026 0.6808 -0.6119
vn 0.4105 0.7451 -0.5257
vn -0.4049 -0.8036 0.4362
vn -0.2007 0.4896 -0.8485
vn 0.1594 0.3156 -0.9354
vn -0.2116 0.4644 -0.8600
vn -0.9980 -0.0488 0.0390
vn -0.9750 -0.2093 0.0744
vn -0.9844 -0.1424 0.1037
vn -0.9492 0.2095 0.2348
vn -0.9645 -0.2160 0.1519
vn -0.8362 -0.2980 0.4604
vn -0.8386 -0.2637 0.4766
vn -0.7150 -0.0601 0.6965
vn -0.6610 -0.0948 0.7444
vn -0.7326 0.0024 0.6807
vn -0.6130 -0.1211 0.7808
vn -0.5030 -0.1060 0.8578
vn -0.4501 0.0719 0.8901
vn -0.5350 -0.0250 0.8445
vn -0.5061 -0.0173 0.8623
vn -0.5913 -0.0550 0.8046
vn -0.4495 -0.0769 0.8899
vn -0.5576 -0.0982 0.8243
vn -0.5534 -0.0599 0.8307
vn -0.7943 0.2385 0.5587
vn -0.7955 0.2345 0.5587
vn -0.7673 0.2681 0.5826
vn -0.5835 0.8040 0.1145
vn -0.5420 0.5196 0.6605
vn -0.6153 0.4911 0.6166
vn -0.4603 0.5015 0.7325
vn -0.6309 0.4391 0.6397
vn -0.5917 0.4937 0.6373
vn -0.9549 0.1949 0.2241
vn -0.5517 0.4236 0.7184
vn -0.7955 0.2401 0.5564
vn -0.9547 0.1949 0.2247
vn -0.5670 0.5130 0.6445
vn -0.5455 0.5351 0.6451
vn -0.5739 0.4924 0.6543
vn -0.3856 0.0928 0.9180
vn -0.3518 0.0804 0.9326
vn -0.4603 0.0509 0.8863
vn -0.2592 0.4596 0.8494
vn -0.9587 -0.2681 0.0950
vn -0.7190 -0.0605 0.6924
vn -0.8830 -0.3071 0.3550
vn -0.9347 -0.2423 0.2599
vn -0.9293 0.2623 0.2599
vn -0.9315 0.2160 0.2926
vn -0.9549 0.1950 0.2241
vn -0.9986 -0.0366 0.0391
vn -0.9583 0.1322 0.2534
vn -0.8065 0.2280 0.5455
vn -0.6217 0.0640 0.7806
vn -0.4048 0.0502 0.9130
vn -0.5627 0.0469 0.8253
vn -0.6392 0.0615 0.7665
vn -0.6593 -0.0557 0.7498
vn -0.6266 -0.0331 0.7787
vn -0.7435 0.2422 0.6233
vn -0.3747 0.3767 0.8471
vn -0.4473 0.4600 0.7670
vn -0.4751 0.4319 0.7666
vn -0.5765 0.5559 0.5989
vn -0.7611 -0.0699 0.6449
vn -0.7973 0.2506 0.5491
vn -0.6660 0.6418 0.3802
vn -0.6052 0.6990 0.3810
vn -0.5216 0.7530 0.4012
vn -0.5492 0.7367 0.3946
vn -0.5032 0.6015 0.6205
vn -0.7053 0.6818 0.1941
vn -0.5759 0.7087 0.4076
vn -0.5381 0.7154 0.4457
vn -0.5495 0.6859 0.4770
vn -0.1489 0.0032 0.9888
vn -0.1026 -0.0076 0.9947
vn -0.0956 0.0393 0.9946
vn -0.0564 0.1042 0.9930
vn -0.1646 0.0034 0.9864
vn -0.1378 0.0480 0.9893
vn -0.1108 0.0058 0.9938
vn -0.1207 0.0699 0.9902
vn -0.0935 0.0097 0.9956
vn -0.1292 0.0054 0.9916
vn -0.2560 0.0561 0.9650
vn -0.2572 0.4221 0.8693
vn -0.0948 0.4739 0.8755
vn 0.0199 0.2158 0.9762
vn 0.0597 0.3737 0.9256
vn 0.0632 0.4542 0.8887
vn 0.0036 0.2159 0.9764
vn -0.0077 0.5710 0.8209
vn -0.1229 0.4511 0.8840
vn -0.4161 0.4259 0.8034
vn -0.4121 0.3809 0.8277
vn 0.1237 0.3318 0.9352
vn 0.0763 0.4163 0.9060
vn 0.0091 0.1099 0.9939
vn -0.0085 0.0560 0.9984
vn -0.0109 0.0840 0.9964
vn 0.0183 0.1659 0.9860
vn -0.0093 0.0826 0.9965
vn -0.0452 0.0759 0.9961
vn -0.0085 0.0833 0.9965
vn -0.0061 0.0353 0.9994
vn -0.0097 0.0829 0.9965
vn -0.0083 0.0833 0.9965
vn 0.4707 0.6985 0.5391
vn 0.3650 0.8058 0.4664
vn 0.0700 0.3314 0.9409
vn 0.1460 0.3372 0.9301
vn 0.2707 0.5166 0.8123
vn 0.2929 0.4464 0.8456
vn 0.3063 0.4621 0.8323
vn 0.2929 0.4464 0.8455
vn 0.2891 0.4441 0.8481
vn 0.1631 0.4240 0.8909
vn 0.2632 0.5715 0.7773
vn 0.2888 0.4031 0.8684
vn 0.0808 0.3221 0.9433
vn 0.2934 0.4415 0.8479
vn 0.2883 0.4332 0.8539
vn -0.0543 0.0441 0.9975
vn 0.0127 0.1043 0.9945
vn -0.0024 0.0930 0.9957
vn 0.0019 0.0708 0.9975
vn 0.0674 0.3150 0.9467
vn 0.0815 0.3042 0.9491
vn 0.0855 0.3385 0.9371
vn 0.0867 0.2712 0.9586
vn -0.1637 -0.0142 0.9864
vn -0.0003 0.0733 0.9973
vn -0.0826 0.0732 0.9939
vn 0.0106 0.1976 0.9802
vn 0.2106 0.5064 0.8362
vn 0.0344 0.2568 0.9659
vn 0.3192 0.6209 0.7160
vn 0.3229 0.6479 0.6899
vn 0.3313 0.5851 0.7402
vn 0.3556 0.5949 0.7208
vn -0.0360 0.0945 0.9949
vn -0.0210 0.9221 0.3864
vn -0.0211 0.5820 0.8129
vn -0.2044 0.9346 0.2910
vn -0.0858 0.8784 0.4701
vn 0.0213 0.6919 0.7217
vn 0.3578 0.9268 0.1144
vn -0.0035 0.8799 0.4751
vn 0.0561 0.6911 0.7206
vn -0.2406 0.9549 0.1741
vn -0.2459 0.9158 0.3175
vn 0.3165 0.9345 0.1626
vn -0.0870 0.9139 0.3965
vn -0.2149 0.9437 0.2517
vn -0.1710 0.8925 0.4174
vn 0.3165 0.9346 0.1626
vn -0.1465 0.9020 0.4061
vn -0.0184 0.8443 0.5355
vn 0.4758 0.8660 0.1541
vn 0.4685 0.8722 0.1406
vn 0.4631 0.5044 0.7288
vn 0.4081 0.6802 0.6089
vn 0.4644 0.6944 0.5497
vn 0.5406 0.8359 0.0950
vn 0.4407 0.8849 0.1507
vn 0.4683 0.6947 0.5460
vn 0.4591 0.8752 0.1523
vn 0.4668 0.8674 0.1724
vn 0.4613 0.8706 0.1710
vn 0.3534 0.9197 0.1708
vn 0.0878 0.7845 0.6139
vn 0.1761 0.6106 0.7721
vn 0.3513 0.9148 0.1994
vn 0.3810 0.9070 0.1793
vn 0.0155 0.4020 0.9155
vn 0.0213 0.6895 0.7239
vn -0.0584 0.5427 0.8379
vn 0.3070 0.6995 0.6453
vn -0.3672 -0.3110 0.8766
vn -0.3459 0.1067 0.9322
vn -0.3729 0.0653 0.9256
vn -0.3568 0.3686 0.8584
vn -0.4156 0.0888 0.9052
vn -0.3803 0.3929 0.8372
vn -0.3643 0.3870 0.8471
vn -0.3988 0.0941 0.9122
vn -0.4376 0.7903 0.4288
vn -0.4458 0.5654 0.6940
vn -0.1959 0.9649 0.1748
vn -0.6733 0.7136 0.1937
vn -0.5318 0.5604 0.6350
vn -0.5059 0.5253 0.6842
vn -0.4975 0.7273 0.4728
vn -0.5244 0.6791 0.5136
vn 0.5315 0.8470 0.0056
vn 0.2991 0.6613 0.6879
vn 0.4970 0.8627 0.0930
vn 0.3822 0.7002 0.6030
vn -0.1056 0.4361 0.8937
vn -0.0746 0.5491 0.8324
vn -0.1373 0.5179 0.8443
vn -0.3027 0.2622 0.9163
vn 0.3293 0.5276 0.7830
vn 0.3445 0.6078 0.7155
vn -0.3943 0.4636 0.7934
vn 0.0893 -0.9950 0.0447
vn 0.2110 -0.6367 -0.7417
vn 0.0415 -0.6007 -0.7984
vn 0.0419 -0.6161 -0.7866
vn 0.4380 -0.6041 -0.6658
vn 0.5362 -0.7690 -0.3481
vn 0.6677 -0.7444 0.0118
vn 0.5651 -0.7382 -0.3685
vn 0.3211 -0.5535 -0.7685
vn 0.4559 -0.7038 -0.5448
vn 0.5012 -0.8578 0.1144
vn 0.3772 -0.9164 0.1339
vn 0.2005 -0.8835 -0.4233
vn 0.1632 -0.8843 -0.4375
vn 0.5745 -0.6809 -0.4542
vn 0.4774 -0.7638 -0.4345
vn 0.1753 -0.8803 -0.4408
vn 0.4016 -0.8014 -0.4432
vn 0.5412 -0.7689 -0.3404
vn 0.5155 -0.7623 -0.3913
vn 0.0404 -0.4528 -0.8907
vn 0.0890 -0.3681 -0.9255
vn 0.0987 -0.3677 -0.9247
vn 0.1464 -0.3037 -0.9414
vn 0.0892 -0.2844 -0.9545
vn 0.0967 -0.3387 -0.9359
vn 0.2616 -0.4392 -0.8595
vn 0.0618 -0.3519 -0.9340
vn 0.1002 -0.3582 -0.9283
vn 0.0406 -0.3530 -0.9348
vn 0.3148 -0.3863 -0.8670
vn 0.1728 -0.4186 -0.8916
vn 0.4083 -0.5954 -0.6919
vn 0.1588 -0.2321 -0.9596
vn 0.0253 -0.0718 -0.9971
vn 0.1488 -0.2650 -0.9527
vn 0.0726 -0.1082 -0.9915
vn 0.1649 -0.2575 -0.9521
vn 0.0731 -0.0716 -0.9947
vn 0.0704 -0.0433 -0.9966
vn 0.1723 -0.2070 -0.9630
vn 0.1039 -0.1243 -0.9868
vn 0.0995 -0.1286 -0.9867
vn 0.0703 -0.1049 -0.9920
vn 0.0557 -0.0700 -0.9960
vn 0.0437 -0.0807 -0.9958
vn 0.0746 -0.1172 -0.9903
vn 0.0700 -0.1040 -0.9921
vn 0.5015 -0.4823 -0.7183
vn 0.4233 -0.5909 -0.6868
vn 0.4503 -0.5683 -0.6886
vn 0.4525 -0.5836 -0.6743
vn 0.6409 -0.6924 -0.3315
vn 0.6953 -0.6964 -0.1776
vn 0.6773 -0.7139 -0.1779
vn 0.5768 -0.5701 -0.5850
vn 0.5289 -0.6151 -0.5847
vn 0.5905 -0.5660 -0.5753
vn 0.6359 -0.7148 -0.2912
vn 0.6504 -0.6843 -0.3298
vn 0.5075 -0.5909 -0.6271
vn 0.5068 -0.5185 -0.6887
vn 0.5302 -0.5700 -0.6277
vn 0.4500 -0.5519 -0.7021
vn 0.6819 -0.7155 -0.1518
vn 0.6851 -0.6953 -0.2171
vn 0.6336 -0.6955 -0.3389
vn 0.5863 -0.7310 -0.3490
vn 0.6551 -0.6247 -0.4250
vn 0.5807 -0.7080 -0.4020
vn 0.6487 -0.6456 -0.4029
vn 0.5998 -0.7250 -0.3385
vn 0.6303 -0.5680 -0.5292
vn 0.4015 -0.3573 -0.8433
vn 0.3966 -0.3769 -0.8371
vn 0.2779 -0.2332 -0.9319
vn 0.2769 -0.2087 -0.9380
vn 0.4180 -0.3509 -0.8379
vn 0.3454 -0.2494 -0.9047
vn 0.3706 -0.3479 -0.8612
vn 0.3090 -0.1890 -0.9321
vn 0.3767 -0.3825 -0.8437
vn 0.3850 -0.3698 -0.8456
vn 0.2891 -0.1913 -0.9380
vn 0.2196 -0.2368 -0.9464
vn 0.4090 -0.3075 -0.8592
vn 0.3954 -0.3587 -0.8455
vn 0.3215 -0.2230 -0.9203
vn 0.1674 -0.2851 -0.9438
vn 0.2042 -0.2995 -0.9320
vn 0.4209 -0.5708 -0.7050
vn 0.4117 -0.5834 -0.7001
vn 0.4134 -0.5914 -0.6923
vn 0.1584 -0.2701 -0.9497
vn 0.1122 -0.1056 -0.9881
vn 0.1044 -0.0723 -0.9919
vn 0.1513 -0.2953 -0.9433
vn 0.1099 -0.3004 -0.9475
vn 0.1394 -0.2471 -0.9589
vn 0.1193 -0.2574 -0.9589
vn 0.3596 -0.4010 -0.8425
vn 0.4610 -0.3421 -0.8188
vn 0.4286 -0.3872 -0.8163
vn 0.5983 -0.5775 -0.5554
vn 0.5289 -0.5427 -0.6525
vn 0.0799 -0.5699 -0.8178
vn 0.3186 -0.6117 -0.7241
vn 0.3587 -0.5794 -0.7319
vn 0.2783 -0.5940 -0.7548
vn 0.4713 -0.5625 -0.6793
vn 0.4746 -0.5551 -0.6831
vn 0.4653 -0.5630 -0.6830
vn 0.4668 -0.5665 -0.6791
vn 0.4516 -0.3930 -0.8010
vn 0.4496 -0.4939 -0.7442
vn 0.4709 -0.4732 -0.7445
vn 0.4246 -0.5999 -0.6781
vn 0.1536 -0.2463 -0.9569
vn 0.6657 -0.7354 -0.1263
vn 0.7183 -0.6841 -0.1266
vn 0.6629 -0.3526 -0.6604
vn 0.7438 -0.4290 -0.5126
vn 0.7123 -0.4762 -0.5155
vn 0.7559 -0.4102 -0.5102
vn 0.7884 -0.5004 -0.3578
vn 0.6795 -0.4626 -0.5694
vn 0.8664 -0.4798 -0.1383
vn 0.9090 -0.3966 -0.1279
vn 0.9081 -0.3969 -0.1336
vn 0.7503 -0.5392 -0.3826
vn 0.6988 -0.4667 -0.5421
vn 0.6967 -0.4016 -0.5944
vn 0.6952 -0.4715 -0.5426
vn 0.7103 -0.4209 -0.5642
vn 0.8712 -0.4544 -0.1858
vn 0.7811 -0.4730 -0.4076
vn 0.7577 -0.4785 -0.4437
vn 0.7677 -0.5775 -0.2779
vn 0.8318 -0.4892 -0.2621
vn 0.7607 -0.5092 -0.4026
vn 0.7646 -0.5041 -0.4015
vn 0.7519 -0.5177 -0.4083
vn 0.6861 -0.7073 -0.1702
vn 0.7407 -0.6202 -0.2584
vn 0.7429 -0.5003 -0.4447
vn 0.6178 -0.3866 -0.6848
vn 0.6635 -0.3542 -0.6590
vn 0.6299 -0.4024 -0.6643
vn 0.6979 -0.7000 -0.1514
vn 0.6989 -0.6981 -0.1556
vn 0.5607 -0.7116 -0.4234
vn 0.3517 -0.2424 -0.9042
vn 0.4412 -0.3841 -0.8111
vn 0.4622 -0.3325 -0.8221
vn 0.5848 -0.5905 -0.5561
vn 0.6167 -0.4802 -0.6237
vn 0.4732 -0.3697 -0.7996
vn 0.5702 -0.5433 -0.6162
vn 0.0755 -0.5755 -0.8143
vn 0.4046 -0.5889 -0.6996
vn 0.4343 -0.5713 -0.6964
vn 0.3166 -0.5332 -0.7845
vn 0.5586 -0.7506 -0.3531
vn 0.5424 -0.7647 -0.3478
vn 0.5556 -0.6988 -0.4505
vn 0.1558 -0.9852 0.0720
vn 0.1774 -0.5073 0.8433
vn 0.1323 -0.6173 0.7755
vn 0.1316 -0.5757 0.8070
vn 0.5256 -0.8286 0.1927
vn 0.5326 -0.8322 0.1541
vn 0.5639 -0.7960 0.2202
vn 0.4790 -0.8720 0.1014
vn 0.3826 -0.5651 0.7310
vn 0.5176 -0.5093 0.6875
vn 0.4997 -0.8601 0.1028
vn -0.0615 -0.6656 0.7438
vn 0.0542 -0.9948 0.0863
vn 0.5587 -0.7975 0.2278
vn 0.5537 -0.8034 0.2192
vn 0.4817 -0.8675 0.1241
vn 0.5627 -0.8071 0.1788
vn 0.5525 -0.8022 0.2264
vn 0.4288 -0.6192 0.6578
vn 0.4293 -0.5711 0.6997
vn 0.0894 -0.4651 0.8807
vn 0.0483 -0.4885 0.8712
vn 0.1097 -0.4424 0.8901
vn 0.1765 -0.3528 0.9189
vn 0.1579 -0.2729 0.9490
vn 0.1724 -0.3389 0.9249
vn 0.1213 -0.5375 0.8345
vn 0.1328 -0.3778 0.9163
vn 0.1856 -0.3459 0.9197
vn 0.0142 -0.4583 0.8887
vn 0.4021 -0.3573 0.8430
vn 0.0996 -0.4165 0.9037
vn 0.0840 -0.0999 0.9914
vn 0.0140 -0.0942 0.9955
vn 0.1578 -0.2321 0.9598
vn 0.0893 -0.1395 0.9862
vn 0.1717 -0.1787 0.9688
vn 0.0148 -0.1395 0.9901
vn 0.1383 -0.2190 0.9659
vn 0.0035 -0.1102 0.9939
vn 0.0212 -0.1101 0.9937
vn 0.1234 -0.2359 0.9639
vn 0.1525 -0.2266 0.9620
vn 0.0621 -0.1446 0.9875
vn 0.0517 -0.0960 0.9940
vn 0.6338 -0.7391 0.2281
vn 0.6212 -0.7532 0.2161
vn 0.4474 -0.5579 0.6990
vn 0.4416 -0.5551 0.7049
vn 0.4381 -0.5585 0.7044
vn 0.6359 -0.7509 0.1784
vn 0.5481 -0.5835 0.5992
vn 0.5055 -0.6093 0.6109
vn 0.5441 -0.5849 0.6016
vn 0.6060 -0.7668 0.2115
vn 0.6560 -0.7300 0.1917
vn 0.4651 -0.5690 0.6782
vn 0.4648 -0.5405 0.7014
vn 0.6941 -0.7170 0.0646
vn 0.6520 -0.7272 0.2146
vn 0.4607 -0.5533 0.6940
vn 0.6221 -0.7512 0.2205
vn 0.6172 -0.7565 0.2164
vn 0.5754 -0.6682 0.4717
vn 0.6233 -0.7526 0.2124
vn 0.6493 -0.7282 0.2195
vn 0.6162 -0.7562 0.2204
vn 0.6039 -0.5300 0.5953
vn 0.4291 -0.4967 0.7544
vn 0.4423 -0.4893 0.7516
vn 0.3444 -0.4940 0.7983
vn 0.2799 -0.2727 0.9205
vn 0.1835 -0.1426 0.9726
vn 0.3458 -0.4453 0.8259
vn 0.4248 -0.3139 0.8491
vn 0.4602 -0.3402 0.8201
vn 0.4143 -0.2260 0.8816
vn 0.4457 -0.4029 0.7994
vn 0.3782 -0.4619 0.8023
vn 0.3117 -0.2400 0.9194
vn 0.1822 -0.1847 0.9658
vn 0.4581 -0.3021 0.8360
vn 0.4488 -0.2985 0.8423
vn 0.2167 -0.1520 0.9643
vn 0.4131 -0.1703 0.8946
vn 0.4202 -0.6045 0.6767
vn 0.4190 -0.5858 0.6938
vn 0.2185 -0.3665 0.9044
vn 0.4406 -0.4407 0.7821
vn 0.4742 -0.4887 0.7323
vn 0.1623 -0.2823 0.9455
vn 0.1905 -0.2052 0.9600
vn 0.1961 -0.2234 0.9548
vn 0.1110 -0.2414 0.9641
vn 0.5706 -0.5688 0.5924
vn 0.5054 -0.5533 0.6622
vn 0.2088 -0.3063 0.9287
vn 0.1458 -0.3285 0.9332
vn 0.1922 -0.3328 0.9232
vn 0.3843 -0.4391 0.8121
vn 0.4086 -0.4478 0.7953
vn 0.4067 -0.4631 0.7875
vn 0.0626 -0.5824 0.8105
vn 0.4074 -0.5693 0.7141
vn 0.4209 -0.5879 0.6908
vn 0.1210 -0.5332 0.8373
vn 0.4395 -0.5392 0.7184
vn 0.4509 -0.5578 0.6968
vn 0.4336 -0.5591 0.7067
vn 0.5938 -0.4749 0.6495
vn 0.3744 -0.5763 0.7264
vn 0.4479 -0.5500 0.7049
vn 0.4849 -0.5622 0.6699
vn 0.2041 -0.3289 0.9220
vn 0.6462 -0.7605 0.0638
vn 0.8249 -0.5190 0.2238
vn 0.8278 -0.5357 0.1663
vn 0.6840 -0.4604 0.5659
vn 0.7108 -0.4687 0.5246
vn 0.7132 -0.4596 0.5293
vn 0.7108 -0.4800 0.5142
vn 0.8209 -0.5212 0.2337
vn 0.7843 -0.5810 0.2176
vn 0.8847 -0.4508 0.1189
vn 0.7957 -0.5608 0.2286
vn 0.7271 -0.4768 0.4939
vn 0.7507 -0.4632 0.4710
vn 0.8273 -0.5113 0.2329
vn 0.7034 -0.4572 0.5442
vn 0.7109 -0.4759 0.5179
vn 0.7602 -0.5027 0.4116
vn 0.7129 -0.5285 0.4609
vn 0.7538 -0.4726 0.4565
vn 0.7424 -0.4899 0.4569
vn 0.7463 -0.4923 0.4479
vn 0.7507 -0.4709 0.4633
vn 0.8101 -0.4577 0.3664
vn 0.5571 -0.3370 0.7590
vn 0.7826 -0.6054 0.1453
vn 0.7617 -0.6218 0.1820
vn 0.7722 -0.3784 0.5103
vn 0.5484 -0.3540 0.7576
vn 0.5571 -0.3738 0.7415
vn 0.6213 -0.4774 0.6213
vn 0.6805 -0.7281 0.0824
vn 0.6682 -0.7412 0.0637
vn 0.5733 -0.5734 0.5853
vn 0.6798 -0.4739 0.5597
vn 0.6799 -0.4787 0.5555
vn 0.4707 -0.3429 0.8129
vn 0.4872 -0.3329 0.8074
vn 0.5195 -0.2842 0.8058
vn 0.7251 -0.4300 0.5379
vn 0.5733 -0.5688 0.5898
vn 0.1178 -0.5954 0.7948
vn 0.4022 -0.6044 0.6877
vn 0.3627 -0.5260 0.7693
vn 0.6048 -0.7668 0.2149
vn 0.5520 -0.8055 0.2153
vn 0.0018 0.0961 -0.9954
vn -0.0438 0.2289 -0.9725
vn 0.0802 0.1019 -0.9916
vn -0.0136 0.1542 -0.9879
vn 0.0011 0.1021 -0.9948
vn -0.0462 0.1523 -0.9873
vn 0.0162 0.1574 -0.9874
vn 0.0074 0.0681 -0.9976
vn -0.0372 0.2267 -0.9732
vn -0.0137 0.1404 -0.9900
vn -0.0121 0.2148 -0.9766
vn 0.0072 0.0947 -0.9955
vn -0.2816 0.4614 -0.8413
vn -0.2867 0.4641 -0.8381
vn -0.0008 0.2034 -0.9791
vn -0.2609 0.4454 -0.8565
vn -0.2819 0.5350 -0.7965
vn -0.1112 0.4815 -0.8694
vn -0.2587 0.5906 -0.7644
vn -0.2819 0.4641 -0.8397
vn -0.2842 0.4741 -0.8333
vn -0.1237 0.3974 -0.9093
vn -0.2822 0.4643 -0.8395
vn -0.4166 0.6739 -0.6101
vn -0.3808 0.6982 -0.6062
vn 0.1040 -0.0108 -0.9945
vn 0.1249 0.0578 -0.9905
vn 0.2997 -0.2056 -0.9316
vn 0.1006 -0.0260 -0.9946
vn 0.2066 -0.0821 -0.9750
vn 0.1407 -0.0261 -0.9897
vn 0.1254 -0.0165 -0.9920
vn 0.1832 -0.0805 -0.9798
vn 0.1195 -0.0139 -0.9927
vn 0.1237 -0.0138 -0.9922
vn 0.1193 0.0053 -0.9928
vn -0.1154 0.3049 -0.9454
vn -0.0635 0.3280 -0.9426
vn 0.1127 0.3197 -0.9408
vn -0.0440 0.2512 -0.9669
vn 0.0022 0.2503 -0.9682
vn 0.2782 0.2633 -0.9237
vn 0.1485 0.3772 -0.9141
vn 0.1986 0.4545 -0.8683
vn 0.0935 0.3061 -0.9474
vn 0.1144 0.3183 -0.9411
vn 0.1903 0.4781 -0.8574
vn -0.0641 0.2822 -0.9572
vn 0.2694 0.5429 -0.7954
vn 0.0779 0.4001 -0.9132
vn 0.0554 0.3367 -0.9400
vn 0.1936 0.0289 -0.9807
vn 0.0099 0.0607 -0.9981
vn 0.0445 0.1181 -0.9920
vn 0.1239 -0.0137 -0.9922
vn -0.0603 0.2580 -0.9642
vn -0.2809 0.4548 -0.8451
vn -0.2897 0.5037 -0.8138
vn -0.0008 0.2994 -0.9541
vn -0.1094 0.3216 -0.9405
vn -0.0623 0.2606 -0.9634
vn 0.0053 0.2022 -0.9793
vn 0.0328 0.1123 -0.9931
vn 0.2108 0.0569 -0.9759
vn 0.1486 0.1113 -0.9826
vn -0.3061 0.6068 -0.7336
vn -0.3806 0.6676 -0.6399
vn -0.2879 0.6136 -0.7353
vn -0.3533 0.6055 -0.7131
vn -0.0566 0.2571 -0.9647
vn -0.5404 0.8412 0.0161
vn -0.5106 0.8570 0.0695
vn -0.3865 0.6336 -0.6702
vn -0.4150 0.6767 -0.6081
vn -0.4166 0.6740 -0.6101
vn -0.5147 0.8541 -0.0749
vn -0.5599 0.8275 0.0421
vn -0.4076 0.8929 -0.1915
vn -0.4622 0.8691 -0.1759
vn -0.4741 0.8651 -0.1640
vn -0.4376 0.8691 -0.2304
vn -0.4208 0.8783 -0.2270
vn -0.4272 0.8753 -0.2265
vn 0.1009 0.7005 -0.7065
vn 0.0735 0.6983 -0.7120
vn 0.1010 0.9551 -0.2786
vn 0.1710 0.8931 -0.4160
vn -0.0136 0.8329 -0.5532
vn 0.0915 0.9560 -0.2788
vn 0.2436 0.8089 -0.5351
vn 0.0406 0.7293 -0.6830
vn 0.0994 0.9571 -0.2722
vn 0.1320 0.9414 -0.3104
vn 0.1407 0.9162 -0.3752
vn 0.1556 0.9180 -0.3647
vn 0.1702 0.8889 -0.4252
vn -0.4366 0.8747 -0.2104
vn 0.0982 0.9403 -0.3259
vn 0.2081 0.9106 -0.3570
vn 0.1233 0.9484 -0.2922
vn -0.3745 0.6396 -0.6713
vn -0.2913 0.6250 -0.7242
vn -0.4569 0.8686 -0.1919
vn -0.4394 0.8720 -0.2157
vn 0.2478 0.6072 -0.7549
vn 0.0406 0.7286 -0.6837
vn -0.2903 0.5888 -0.7543
vn 0.4421 -0.1429 -0.8855
vn 0.5052 -0.0641 -0.8606
vn 0.3852 0.1093 -0.9163
vn 0.3975 0.0855 -0.9136
vn 0.7063 -0.1512 -0.6915
vn 0.3763 0.0834 -0.9227
vn 0.4452 -0.0720 -0.8925
vn 0.4245 -0.1760 -0.8881
vn 0.6620 -0.1916 -0.7246
vn 0.7256 -0.1869 -0.6623
vn 0.6636 -0.3321 -0.6703
vn 0.6510 -0.2350 -0.7218
vn 0.8841 -0.4252 -0.1941
vn 0.7529 -0.1134 -0.6482
vn 0.7677 -0.0978 -0.6333
vn 0.7541 -0.1017 -0.6488
vn 0.6925 -0.1696 -0.7012
vn 0.9148 -0.3644 -0.1744
vn 0.9279 -0.1096 -0.3564
vn 0.9329 0.0069 -0.3601
vn 0.3801 0.0609 -0.9229
vn 0.4529 0.2405 -0.8585
vn 0.5188 0.2148 -0.8275
vn 0.4941 0.4065 -0.7685
vn 0.4361 0.4534 -0.7773
vn 0.6774 0.0017 -0.7356
vn 0.6260 0.5185 -0.5825
vn 0.5056 0.0173 -0.8626
vn 0.6235 0.5499 -0.5558
vn 0.7196 0.6943 0.0148
vn 0.6538 0.7325 -0.1898
vn 0.6235 0.5602 -0.5455
vn 0.6211 0.5526 -0.5557
vn 0.4759 0.5264 -0.7045
vn 0.6098 0.5416 -0.5786
vn 0.6409 0.5447 -0.5409
vn 0.6614 0.6140 -0.4306
vn 0.3956 0.4743 -0.7865
vn 0.9392 -0.1123 -0.3246
vn 0.9547 -0.0707 -0.2892
vn 0.9852 0.1107 -0.1310
vn 0.9899 0.0804 -0.1169
vn 0.9693 0.1450 -0.1984
vn 0.9278 -0.3364 -0.1610
vn 0.9081 -0.4082 -0.0934
vn 0.9112 -0.1213 -0.3936
vn 0.9510 0.1504 -0.2700
vn 0.9050 0.3832 0.1848
vn 0.9794 0.0854 -0.1829
vn 0.9751 0.1185 -0.1876
vn 0.3786 0.1022 -0.9199
vn 0.3758 0.0979 -0.9215
vn 0.4474 0.2307 -0.8641
vn 0.4929 0.2113 -0.8441
vn 0.9532 0.0170 -0.3019
vn 0.9777 -0.0666 -0.1992
vn 0.6414 -0.2236 -0.7339
vn 0.7273 -0.1136 -0.6769
vn 0.6978 -0.2214 -0.6812
vn 0.7081 -0.2437 -0.6627
vn 0.4874 0.4021 -0.7751
vn 0.4490 0.3904 -0.8037
vn 0.5306 0.2937 -0.7951
vn 0.5449 0.2531 -0.7994
vn 0.9281 -0.1679 -0.3324
vn 0.3408 0.8366 -0.4289
vn 0.6733 0.5961 -0.4373
vn 0.6168 0.6675 -0.4172
vn 0.6012 0.7016 -0.3826
vn 0.6320 0.6734 -0.3835
vn 0.2686 -0.2069 -0.9408
vn 0.3717 0.1068 -0.9222
vn 0.3606 -0.0777 -0.9295
vn 0.4374 0.2887 -0.8517
vn 0.3627 0.0587 -0.9301
vn 0.4451 0.3914 -0.8054
vn 0.4866 0.4121 -0.7703
vn 0.3781 0.3800 -0.8442
vn 0.3933 0.1038 -0.9135
vn 0.1711 0.8931 -0.4160
vn 0.2185 0.8043 -0.5526
vn 0.1862 0.8945 -0.4064
vn 0.1810 0.8870 -0.4248
vn 0.1139 0.9404 -0.3205
vn 0.1691 0.6056 -0.7776
vn 0.1671 0.5171 -0.8395
vn 0.2652 0.5945 -0.7591
vn -0.4161 0.6836 -0.5997
vn -0.2893 0.6442 -0.7080
vn -0.4779 0.8738 0.0897
vn -0.4329 0.8877 -0.1570
vn -0.3537 0.6787 -0.6436
vn -0.3187 0.6465 -0.6932
vn 0.1968 0.5306 -0.8245
vn -0.2915 0.6396 -0.7113
vn 0.6163 0.5578 -0.5559
vn 0.5014 0.5194 -0.6920
vn 0.5794 0.7889 -0.2048
vn 0.6412 0.6345 -0.4316
vn 0.5485 0.7272 -0.4128
vn 0.4347 0.4698 -0.7683
vn -0.0145 0.0807 0.9966
vn 0.0156 0.1573 0.9874
vn -0.0189 0.1371 0.9904
vn 0.0064 0.1083 0.9941
vn -0.0054 0.1060 0.9944
vn 0.0145 0.1083 0.9940
vn 0.0043 0.0927 0.9957
vn 0.0064 0.1054 0.9944
vn -0.0051 0.0879 0.9961
vn 0.0064 0.1053 0.9944
vn 0.0064 0.1067 0.9943
vn -0.4350 0.7514 0.4963
vn -0.3913 0.7516 0.5311
vn -0.2054 0.4451 0.8716
vn -0.2016 0.4227 0.8835
vn -0.2038 0.4353 0.8769
vn -0.2545 0.4629 0.8491
vn -0.2469 0.4581 0.8539
vn -0.2369 0.4300 0.8712
vn -0.2185 0.4355 0.8732
vn -0.2665 0.4377 0.8587
vn -0.2021 0.4348 0.8776
vn -0.1989 0.4321 0.8796
vn -0.2494 0.4719 0.8457
vn -0.2513 0.4460 0.8591
vn -0.2170 0.4303 0.8762
vn 0.1973 -0.0277 0.9799
vn 0.0028 0.0980 0.9952
vn 0.2044 -0.0753 0.9760
vn 0.1729 -0.0243 0.9846
vn 0.1974 -0.0251 0.9800
vn 0.1691 0.0771 0.9826
vn 0.1146 0.0175 0.9933
vn 0.1561 0.0033 0.9877
vn 0.1015 0.0202 0.9946
vn 0.1998 -0.0139 0.9797
vn -0.0092 0.1132 0.9935
vn -0.2399 0.4211 0.8747
vn 0.1222 0.5085 0.8523
vn -0.1459 0.4972 0.8553
vn -0.2618 0.4588 0.8491
vn 0.0416 0.1793 0.9829
vn 0.1835 0.3995 0.8982
vn 0.2143 0.4075 0.8877
vn -0.0218 0.1132 0.9933
vn 0.2013 0.3944 0.8966
vn 0.2078 0.4082 0.8889
vn -0.0435 0.2027 0.9783
vn 0.3445 0.3238 0.8812
vn 0.0684 0.5026 0.8618
vn 0.0371 0.4050 0.9135
vn 0.0492 0.0677 0.9965
vn 0.0064 0.0995 0.9950
vn -0.0184 0.1053 0.9943
vn -0.0064 0.1235 0.9923
vn -0.0148 0.1652 0.9862
vn -0.2574 0.4659 0.8466
vn -0.2532 0.4526 0.8550
vn -0.2445 0.4342 0.8670
vn -0.0025 0.1637 0.9865
vn 0.0015 0.1946 0.9809
vn -0.0174 0.1405 0.9899
vn 0.1620 -0.0355 0.9861
vn 0.0685 0.1403 0.9877
vn -0.2052 0.4462 0.8711
vn -0.2023 0.4474 0.8711
vn -0.2056 0.4460 0.8711
vn 0.0049 0.1324 0.9912
vn -0.5131 0.8554 0.0702
vn -0.5194 0.8539 0.0332
vn -0.4992 0.8623 0.0853
vn -0.3950 0.7290 0.5590
vn -0.3976 0.7399 0.5426
vn -0.4277 0.7007 0.5710
vn -0.4998 0.8633 0.0698
vn -0.4822 0.8714 0.0899
vn -0.4714 0.7240 0.5037
vn -0.4863 0.8681 0.0991
vn -0.4881 0.8686 0.0856
vn -0.4855 0.8691 0.0946
vn -0.4881 0.8681 0.0903
vn -0.4850 0.8691 0.0966
vn 0.0096 0.8690 0.4947
vn 0.1287 0.7455 0.6540
vn 0.0108 0.9823 0.1868
vn 0.3663 0.6133 0.6997
vn 0.0974 0.7484 0.6561
vn 0.1655 0.7125 0.6818
vn 0.0562 0.9927 0.1062
vn 0.1391 0.8072 0.5737
vn 0.1194 0.7463 0.6548
vn 0.0863 0.9781 0.1893
vn 0.5355 0.8085 0.2441
vn 0.0095 0.8701 0.4929
vn 0.1257 0.7623 0.6349
vn 0.0100 0.9792 0.2026
vn 0.5341 0.8115 0.2370
vn 0.0591 0.8686 0.4920
vn -0.4263 0.7107 0.5596
vn -0.3958 0.7257 0.5627
vn -0.4868 0.8680 0.0982
vn -0.4092 0.7442 0.5279
vn 0.0716 0.5472 0.8340
vn 0.0784 0.6529 0.7534
vn 0.0425 0.5547 0.8310
vn -0.2162 0.4408 0.8712
vn 0.8642 -0.1782 0.4705
vn 0.7850 -0.4702 0.4033
vn 0.7682 -0.2804 0.5756
vn 0.8114 -0.0873 0.5780
vn 0.6959 0.0104 0.7181
vn 0.7998 -0.1838 0.5714
vn 0.8318 -0.0658 0.5512
vn 0.8668 -0.1845 0.4633
vn 0.8663 -0.1725 0.4688
vn 0.5380 -0.3192 0.7802
vn 0.6352 -0.2146 0.7419
vn 0.5510 -0.3212 0.7702
vn 0.5225 0.1102 0.8455
vn 0.5349 0.1025 0.8387
vn 0.4850 0.0534 0.8729
vn 0.5371 -0.3383 0.7727
vn 0.6277 0.0299 0.7779
vn 0.6597 -0.0186 0.7513
vn 0.5037 0.0591 0.8618
vn 0.6060 0.0017 0.7954
vn 0.4800 0.4566 0.7490
vn 0.7912 0.2712 0.5481
vn 0.7413 0.3416 0.5778
vn 0.7073 0.1390 0.6931
vn 0.9008 0.3954 0.1792
vn 0.8166 0.5739 -0.0614
vn 0.5543 0.4021 0.7287
vn 0.7794 0.3093 0.5448
vn 0.5332 0.4530 0.7145
vn 0.4786 0.4998 0.7219
vn 0.6711 0.2637 0.6929
vn 0.7651 0.3007 0.5693
vn 0.8360 0.5380 0.1083
vn 0.9006 0.3956 0.1797
vn 0.4918 0.4521 0.7441
vn 0.5000 0.1815 0.8468
vn 0.4142 0.1772 0.8928
vn 0.5123 0.0396 0.8579
vn 0.3952 0.3764 0.8379
vn 0.8918 -0.4501 0.0446
vn 0.9432 -0.0914 0.3195
vn 0.9043 -0.2675 0.3327
vn 0.8825 -0.1795 0.4348
vn 0.9609 0.2341 0.1476
vn 0.7651 0.3007 0.5694
vn 0.8974 -0.4411 -0.0118
vn 0.9433 -0.1624 0.2894
vn 0.8675 -0.0676 0.4928
vn 0.8912 -0.1728 0.4194
vn 0.9119 -0.1894 0.3641
vn 0.9009 0.3954 0.1792
vn 0.7571 0.2887 0.5861
vn 0.7665 0.3013 0.5672
vn 0.8890 0.4195 0.1835
vn 0.7356 0.0306 0.6768
vn 0.7363 0.0099 0.6766
vn 0.9947 0.1017 0.0163
vn 0.8881 -0.1835 0.4214
vn 0.4426 0.0834 0.8928
vn 0.5994 0.0764 0.7968
vn 0.5945 -0.2890 0.7504
vn 0.6204 0.0113 0.7842
vn 0.6076 0.0646 0.7916
vn 0.5259 -0.3036 0.7945
vn 0.4804 0.4594 0.7471
vn 0.4415 0.4094 0.7984
vn 0.6432 -0.0028 0.7657
vn 0.4438 0.4366 0.7826
vn 0.4417 0.3668 0.8187
vn 0.6432 0.0110 0.7657
vn 0.7880 -0.1102 0.6058
vn 0.6432 0.7502 0.1535
vn 0.5281 0.8127 0.2462
vn 0.4821 0.6537 0.5833
vn 0.4570 0.7601 0.4618
vn 0.5948 0.7900 0.1485
vn 0.4835 0.8428 0.2365
vn 0.5215 0.8103 0.2672
vn 0.5732 0.7606 0.3049
vn 0.3615 -0.0585 0.9305
vn 0.1952 -0.0356 0.9801
vn 0.1892 0.0087 0.9819
vn 0.3999 0.3942 0.8275
vn 0.4416 0.1221 0.8889
vn 0.3562 0.3694 0.8583
vn 0.3294 0.3670 0.8699
vn 0.4691 0.4411 0.7651
vn 0.3385 0.1419 0.9302
vn 0.5404 0.8054 0.2437
vn 0.4577 0.7297 0.5080
vn 0.3427 0.7441 0.5735
vn 0.5316 0.7924 0.2991
vn -0.5116 0.8588 0.0258
vn -0.4400 0.7461 0.4998
vn -0.4394 0.7462 0.5001
vn -0.2067 0.4751 0.8553
vn -0.4995 0.8629 0.0765
vn -0.3773 0.7444 0.5509
vn -0.1467 0.4786 0.8657
vn 0.1495 0.4071 0.9010
vn 0.0947 0.5809 0.8084
vn -0.2030 0.4501 0.8696
vn 0.4958 0.5219 0.6941
vn -0.2655 0.4622 0.8461
vn 0.7196 0.6943 0.0126
vn 0.4664 0.6817 0.5637
vn 0.4637 0.5296 0.7103
vn 0.6329 0.7341 0.2462
vn 0.4423 0.6799 0.5849
vn 0.5142 0.5025 0.6951
vn 0.1737 -0.9825 0.0672
vn 0.0722 -0.6082 -0.7905
vn 0.0745 -0.5029 -0.8611
vn 0.1736 -0.8839 -0.4343
vn -0.1191 -0.4497 -0.8852
vn -0.0279 -0.3862 -0.9220
vn -0.0277 -0.3694 -0.9289
vn -0.0466 -0.3660 -0.9295
vn 0.0539 -0.0013 -0.9985
vn -0.0117 -0.0365 -0.9993
vn 0.0537 -0.3148 -0.9476
vn 0.0043 -0.0315 -0.9995
vn -0.1219 -0.5301 -0.8391
vn 0.0051 -0.3362 -0.9418
vn -0.0241 -0.5823 -0.8126
vn 0.0723 -0.9830 0.1690
vn -0.0647 -0.6527 0.7548
vn -0.0385 -0.5801 0.8137
vn -0.0637 -0.9879 0.1414
vn -0.0531 -0.6659 0.7441
vn 0.0675 -0.4600 0.8854
vn 0.0492 -0.4345 0.8993
vn 0.0184 -0.4532 0.8912
vn 0.0614 -0.4575 0.8871
vn 0.0263 -0.0781 0.9966
vn 0.0140 -0.0819 0.9965
vn 0.0140 -0.1101 0.9938
vn 0.0758 -0.5387 0.8391
vn 0.0284 -0.1886 0.9816
vn 0.0774 -0.5406 0.8377
vn 0.0018 0.0818 -0.9966
vn -0.0534 0.2491 -0.9670
vn -0.0454 0.2073 -0.9772
vn -0.0204 0.2000 -0.9796
vn -0.2374 0.5234 -0.8184
vn 0.2693 0.4359 -0.8587
vn 0.2689 0.4462 -0.8536
vn -0.7471 0.6558 -0.1085
vn -0.7241 0.6891 0.0285
vn 0.4404 -0.7824 0.4404
vn 0.2586 0.8424 -0.4727
vn -0.2690 0.4460 -0.8537
vn -0.0108 0.0854 0.9963
vn -0.1679 0.4255 0.8893
vn -0.0148 0.0848 0.9963
vn -0.0116 0.0559 0.9984
vn -0.5114 0.8591 0.0206
vn -0.4488 0.7429 0.4968
vn -0.4157 0.7412 0.5271
vn -0.4962 0.8657 0.0657
vn -0.2042 0.4177 0.8853
vn -0.4165 0.7312 0.5402
vn -0.1782 0.4524 0.8738
vn -0.4629 -0.4645 -0.7549
vn -0.5371 -0.4347 -0.7229
vn -0.7761 -0.2722 -0.5688
vn -0.8760 -0.1856 -0.4452
vn -0.8566 -0.5021 -0.1189
vn -0.8565 -0.4725 -0.2076
vn -0.5858 -0.3041 -0.7512
vn -0.6317 -0.3369 -0.6982
vn -0.2369 -0.0746 -0.9687
vn -0.2236 -0.0134 -0.9746
vn -0.0906 0.0460 -0.9948
vn -0.2149 -0.0801 -0.9733
vn -0.0359 0.0212 -0.9991
vn -0.0067 -0.0708 -0.9975
vn -0.0319 -0.0694 -0.9971
vn -0.0626 0.0229 -0.9978
vn -0.4387 -0.3862 -0.8114
vn -0.0102 -0.0415 -0.9991
vn 0.0758 -0.0725 -0.9945
vn 0.0368 -0.0771 -0.9963
vn 0.1979 0.0124 -0.9801
vn 0.2793 -0.1535 -0.9478
vn 0.1195 0.0015 -0.9928
vn 0.3059 -0.1766 -0.9356
vn 0.1041 -0.0717 -0.9920
vn 0.3287 -0.1978 -0.9235
vn 0.6366 -0.3907 -0.6649
vn 0.6344 -0.3752 -0.6759
vn 0.8314 -0.3974 -0.3884
vn 0.8879 -0.4263 -0.1727
vn 0.8930 -0.4169 -0.1693
vn 0.6726 -0.3618 -0.6455
vn 0.6246 -0.3617 -0.6921
vn 0.3042 -0.1517 -0.9404
vn -0.9648 -0.2148 0.1518
vn -0.8038 -0.3704 0.4656
vn -0.7854 -0.3767 0.4912
vn -0.8375 -0.3312 0.4347
vn -0.3474 -0.3038 0.8871
vn -0.4420 -0.3255 0.8359
vn -0.4394 -0.2890 0.8505
vn -0.6635 -0.3345 0.6692
vn -0.3426 -0.1941 0.9192
vn -0.2290 -0.0077 0.9734
vn -0.1409 -0.0006 0.9900
vn -0.2526 -0.1999 0.9467
vn 0.0199 0.0945 0.9953
vn -0.0249 0.1252 0.9918
vn -0.0371 0.1112 0.9931
vn -0.1466 0.0945 0.9847
vn -0.4403 -0.2725 0.8555
vn 0.0016 0.0972 0.9953
vn 0.0444 0.0593 0.9972
vn -0.0303 0.1217 0.9921
vn 0.2203 -0.1265 0.9672
vn 0.3256 -0.2895 0.9001
vn 0.1758 -0.1180 0.9773
vn 0.1874 -0.1345 0.9730
vn 0.2188 0.0598 0.9739
vn 0.9132 -0.4033 0.0587
vn 0.7422 -0.4735 0.4742
vn 0.7426 -0.4735 0.4736
vn 0.7438 -0.4869 0.4580
vn 0.7350 -0.3621 0.5733
vn 0.4700 -0.3183 0.8233
vn 0.5556 -0.3345 0.7612
vn 0.5327 -0.3732 0.7596
vn 0.4435 -0.2868 0.8491
vn -0.6805 -0.7321 -0.0309
vn -0.8072 -0.5890 -0.0385
vn -0.8490 -0.5158 -0.1145
vn -0.8440 -0.5239 -0.1149
vn -0.8451 -0.5337 -0.0319
vn -0.8591 -0.5027 -0.0964
vn -0.8545 -0.5158 -0.0612
vn -0.8338 -0.5508 -0.0380
vn -0.4958 -0.8679 0.0297
vn -0.0499 -0.9896 0.1352
vn -0.5218 -0.8523 0.0375
vn -0.7086 -0.7054 -0.0182
vn -0.7163 -0.6978 -0.0100
vn -0.6853 -0.7282 -0.0091
vn -0.7513 -0.6596 -0.0235
vn -0.5329 -0.6464 -0.5461
vn -0.7162 -0.6978 -0.0100
vn -0.9355 -0.2952 0.1940
vn -0.9961 -0.0351 0.0815
vn -0.9762 -0.1313 0.1725
vn -0.9914 0.0260 0.1281
vn -0.8662 0.4986 -0.0332
vn -0.8867 0.4616 0.0259
vn -0.7129 0.7012 -0.0073
vn -0.9931 -0.0844 0.0812
vn -0.6626 0.7402 0.1142
vn -0.4749 0.8710 -0.1258
vn -0.4389 0.8968 -0.0554
vn -0.7046 0.6810 0.1992
vn -0.2096 0.9777 -0.0093
vn 0.0837 0.9796 -0.1826
vn -0.0832 0.9944 -0.0647
vn 0.5206 0.8495 0.0859
vn 0.4690 0.8732 0.1322
vn 0.5307 0.8473 0.0219
vn 0.4564 0.8757 0.1577
vn 0.5149 0.8566 0.0344
vn 0.3247 0.9407 0.0986
vn -0.7283 0.6582 0.1909
vn -0.0777 0.9953 -0.0574
vn 0.1938 -0.9808 0.0209
vn 0.5027 -0.8584 0.1025
vn 0.5033 -0.8583 0.0996
vn 0.5003 -0.8585 0.1128
vn 0.4784 -0.8711 0.1112
vn 0.5410 -0.8321 0.1222
vn 0.6638 -0.7175 0.2111
vn 0.6956 -0.7163 0.0547
vn 0.6995 -0.7122 0.0591
vn 0.6953 -0.7160 0.0620
vn 0.6458 -0.7458 0.1633
vn 0.6954 -0.7161 0.0609
vn 0.7167 -0.6974 0.0060
vn 0.8017 -0.5438 0.2480
vn 0.9010 -0.4277 -0.0723
vn 0.8788 -0.4766 -0.0244
vn 0.9182 -0.3688 0.1445
vn 0.8438 -0.4776 0.2447
vn 0.6775 -0.7349 0.0304
vn 0.5908 -0.7793 0.2089
vn 0.6942 -0.7171 0.0620
vn -0.5116 0.8588 0.0265
vn -0.5115 0.8586 0.0355
vn -0.4998 0.8633 0.0701
vn -0.4872 0.8691 0.0855
vn -0.5008 0.8652 0.0245
vn 0.0479 0.9802 0.1920
vn 0.1234 0.9919 0.0314
vn 0.0870 0.9871 0.1342
vn -0.4757 0.8754 0.0854
vn 0.7196 0.6943 0.0147
vn 0.9029 -0.4291 -0.0248
vn 0.9897 0.1375 -0.0396
vn 0.8915 -0.4524 -0.0258
vn 0.9929 0.0889 0.0791
vn 0.9250 0.3327 0.1837
vn 0.9910 0.1138 -0.0709
vn 0.8891 -0.4568 -0.0303
vn 0.8129 0.5823 -0.0024
vn 0.5967 0.7651 0.2421
vn 0.4084 0.8940 0.1842
vn 0.7386 0.6741 -0.0007
vn 0.7195 0.6943 0.0148
vn 0.1139 0.9922 0.0513
vn 0.8956 -0.4440 -0.0289
vn 0.1583 -0.9815 0.1075
vn -0.0037 -0.0588 -0.9983
vn 0.0016 0.1131 0.9936
vn -0.6806 -0.7322 -0.0257
vn -0.8074 -0.5892 -0.0291
vn -0.6246 -0.3791 -0.6828
vn -0.8519 -0.5120 -0.1102
vn -0.6317 -0.5457 -0.5507
vn -0.5736 -0.5165 -0.6357
vn -0.5713 -0.6222 -0.5352
vn -0.8399 -0.5305 -0.1147
vn -0.5101 -0.4582 -0.7279
vn -0.8506 -0.5134 -0.1133
vn -0.5680 -0.4208 -0.7073
vn -0.5533 -0.5445 -0.6304
vn -0.5407 -0.4145 -0.7320
vn -0.8581 -0.5010 -0.1125
vn -0.8396 -0.4970 -0.2193
vn -0.8097 -0.5301 -0.2516
vn -0.8459 -0.4442 -0.2951
vn -0.8288 -0.5063 -0.2384
vn -0.8417 -0.4965 -0.2120
vn -0.8340 -0.5510 -0.0285
vn -0.6475 -0.5360 -0.5418
vn -0.6371 -0.5526 -0.5373
vn -0.5601 -0.4317 -0.7070
vn -0.5377 -0.4616 -0.7056
vn -0.5151 -0.3875 -0.7646
vn -0.5161 -0.6625 -0.5429
vn -0.5587 -0.7552 -0.3428
vn -0.4905 -0.8693 0.0620
vn -0.2936 -0.5945 -0.7486
vn -0.1934 -0.5533 -0.8102
vn -0.1472 -0.5311 -0.8344
vn -0.3579 -0.5441 -0.7588
vn -0.3834 -0.7852 -0.4862
vn -0.6259 -0.7427 -0.2379
vn -0.4811 -0.8766 0.0135
vn -0.5351 -0.7440 -0.4003
vn -0.5225 -0.7594 -0.3876
vn -0.5124 -0.7223 -0.4645
vn -0.4735 -0.7553 -0.4531
vn -0.3466 -0.4130 -0.8422
vn -0.6969 -0.5574 -0.4512
vn -0.6264 -0.5465 -0.5559
vn -0.6111 -0.5907 -0.5269
vn -0.5359 -0.7472 -0.3932
vn -0.5224 -0.7632 -0.3802
vn -0.5421 -0.7594 -0.3599
vn -0.5899 -0.7265 -0.3525
vn -0.5440 -0.7582 -0.3596
vn -0.5933 -0.7287 -0.3421
vn -0.6053 -0.7229 -0.3333
vn -0.6067 -0.7104 -0.3567
vn -0.4526 -0.4244 -0.7842
vn -0.5828 -0.7380 -0.3402
vn -0.3537 -0.4109 -0.8403
vn -0.6974 -0.6374 -0.3277
vn -0.5914 -0.7333 -0.3354
vn -0.6088 -0.7248 -0.3226
vn -0.5707 -0.7336 -0.3690
vn -0.5573 -0.7536 -0.3487
vn -0.5919 -0.7258 -0.3505
vn -0.6209 -0.7018 -0.3492
vn -0.4528 -0.4048 -0.7945
vn -0.4391 -0.3919 -0.8084
vn -0.4216 -0.3972 -0.8152
vn -0.4248 -0.3847 -0.8195
vn -0.3468 -0.4424 -0.8270
vn -0.2513 -0.4167 -0.8736
vn -0.2314 -0.1555 -0.9604
vn -0.4463 -0.4035 -0.7987
vn -0.4403 -0.3956 -0.8060
vn -0.1851 -0.1740 -0.9672
vn -0.4387 -0.4205 -0.7942
vn -0.2172 -0.1221 -0.9685
vn -0.3386 -0.4330 -0.8354
vn -0.1883 -0.3052 -0.9335
vn -0.1328 -0.3091 -0.9417
vn -0.0185 -0.5530 -0.8330
vn -0.0073 -0.3863 -0.9223
vn -0.0841 -0.3992 -0.9130
vn -0.1538 -0.6226 -0.7672
vn -0.0825 -0.3756 -0.9231
vn -0.1621 -0.2656 -0.9504
vn -0.3524 -0.4486 -0.8213
vn -0.0067 -0.3665 -0.9304
vn -0.0794 -0.3471 -0.9344
vn -0.1227 -0.2459 -0.9615
vn -0.0268 -0.0964 -0.9950
vn -0.1380 -0.2204 -0.9656
vn -0.0068 -0.0445 -0.9990
vn -0.1353 -0.2451 -0.9600
vn -0.0319 -0.0651 -0.9974
vn -0.0256 -0.0583 -0.9980
vn -0.1240 -0.1806 -0.9757
vn -0.1222 -0.1888 -0.9744
vn -0.0917 -0.1603 -0.9828
vn -0.1472 -0.1583 -0.9764
vn -0.0856 -0.1414 -0.9862
vn -0.1242 -0.1732 -0.9770
vn -0.1012 -0.1708 -0.9801
vn -0.0335 -0.0905 -0.9953
vn -0.3246 -0.4263 -0.8443
vn -0.3383 -0.4357 -0.8341
vn -0.4699 -0.7581 -0.4521
vn -0.2359 -0.6535 -0.7193
vn -0.5467 -0.7610 -0.3494
vn -0.0862 -0.2447 -0.9658
vn -0.1512 -0.1628 -0.9750
vn -0.1334 -0.1038 -0.9856
vn -0.1249 -0.1455 -0.9814
vn -0.3514 -0.4246 -0.8344
vn -0.4400 -0.4130 -0.7974
vn -0.1171 -0.3120 -0.9429
vn -0.1674 -0.3759 -0.9114
vn -0.1513 -0.3019 -0.9413
vn -0.6354 -0.5194 -0.5714
vn -0.5059 -0.4698 -0.7234
vn -0.4061 -0.3986 -0.8223
vn -0.3258 -0.4447 -0.8343
vn -0.3470 -0.4829 -0.8040
vn -0.4464 -0.4035 -0.7987
vn -0.5304 -0.3877 -0.7539
vn -0.4758 -0.4146 -0.7757
vn -0.2977 -0.5925 -0.7485
vn -0.0779 -0.5324 -0.8429
vn -0.2603 -0.5492 -0.7941
vn -0.4613 -0.3970 -0.7935
vn -0.3334 -0.5954 -0.7310
vn -0.2104 -0.3916 -0.8958
vn -0.7450 -0.6641 -0.0632
vn -0.5738 -0.7385 -0.3541
vn -0.6607 -0.5647 -0.4946
vn -0.4723 -0.4322 -0.7682
vn -0.4898 -0.4481 -0.7479
vn -0.5680 -0.5372 -0.6235
vn -0.4889 -0.4630 -0.7393
vn -0.5495 -0.4302 -0.7163
vn -0.5582 -0.7467 -0.3617
vn -0.5066 -0.7322 -0.4552
vn -0.3119 -0.5660 -0.7631
vn -0.0764 -0.5025 -0.8612
vn -0.5431 -0.7558 -0.3659
vn -0.2967 -0.5510 -0.7800
vn -0.6211 -0.7611 0.1871
vn -0.6972 -0.6964 0.1700
vn -0.7886 -0.6137 -0.0390
vn -0.8493 -0.5273 -0.0246
vn -0.7200 -0.5295 0.4486
vn -0.7255 -0.5350 0.4329
vn -0.8365 -0.5474 -0.0236
vn -0.6722 -0.5102 0.5365
vn -0.6594 -0.5258 0.5374
vn -0.6445 -0.5173 0.5631
vn -0.8286 -0.5592 -0.0269
vn -0.7275 -0.4899 0.4803
vn -0.6462 -0.5960 0.4767
vn -0.8390 -0.5436 -0.0232
vn -0.6590 -0.5765 0.4831
vn -0.5748 -0.5804 0.5769
vn -0.7506 -0.5252 0.4009
vn -0.7865 -0.4800 0.3887
vn -0.7323 -0.5144 0.4462
vn -0.6355 -0.5445 0.5474
vn -0.7479 -0.4921 0.4456
vn -0.7611 -0.4838 0.4320
vn -0.4274 -0.4064 0.8076
vn -0.8524 -0.5225 -0.0205
vn -0.6682 -0.5064 0.5450
vn -0.5190 -0.4462 0.7291
vn -0.5340 -0.4529 0.7140
vn -0.5190 -0.4692 0.7145
vn -0.4418 -0.5258 0.7269
vn -0.6167 -0.7562 0.2187
vn -0.4994 -0.8655 0.0396
vn -0.5317 -0.7755 0.3403
vn -0.3463 -0.5762 0.7403
vn -0.0479 -0.9844 0.1691
vn -0.2906 -0.6288 0.7212
vn -0.0383 -0.6536 0.7559
vn -0.1961 -0.5920 0.7817
vn -0.4936 -0.8697 0.0090
vn -0.3372 -0.5960 0.7287
vn -0.3287 -0.5715 0.7519
vn -0.4377 -0.8991 0.0080
vn -0.1298 -0.5675 0.8131
vn -0.5777 -0.7449 0.3339
vn -0.5764 -0.7460 0.3335
vn -0.5645 -0.8123 0.1469
vn -0.5155 -0.8434 0.1516
vn -0.6186 -0.7546 0.2189
vn -0.5874 -0.7257 0.3583
vn -0.6287 -0.4861 0.6071
vn -0.5835 -0.5370 0.6093
vn -0.6503 -0.5153 0.5582
vn -0.5739 -0.7485 0.3322
vn -0.3561 -0.5854 0.7284
vn -0.5487 -0.7689 0.3283
vn -0.6237 -0.7140 0.3182
vn -0.6319 -0.7133 0.3031
vn -0.5898 -0.7472 0.3062
vn -0.5013 -0.4832 0.7178
vn -0.6181 -0.7393 0.2672
vn -0.5918 -0.7456 0.3064
vn -0.6617 -0.4952 0.5629
vn -0.3575 -0.5694 0.7403
vn -0.6600 -0.5150 0.5470
vn -0.6533 -0.6930 0.3050
vn -0.5750 -0.7564 0.3118
vn -0.6575 -0.6892 0.3044
vn -0.5915 -0.7418 0.3159
vn -0.5218 -0.4923 0.6967
vn -0.4627 -0.5322 0.7089
vn -0.4619 -0.5222 0.7169
vn -0.4679 -0.4688 0.7492
vn -0.4429 -0.3368 0.8309
vn -0.4413 -0.3084 0.8427
vn -0.3408 -0.2959 0.8923
vn -0.3961 -0.2698 0.8777
vn -0.2384 -0.2284 0.9439
vn -0.2215 -0.2456 0.9437
vn -0.3584 -0.3098 0.8807
vn -0.4508 -0.4077 0.7941
vn -0.2499 -0.2441 0.9370
vn -0.4466 -0.3024 0.8421
vn -0.4130 -0.3865 0.8246
vn -0.2464 -0.1991 0.9485
vn -0.1868 -0.1689 0.9678
vn -0.2551 -0.2402 0.9366
vn -0.3214 -0.5909 0.7400
vn -0.1506 -0.4372 0.8867
vn -0.1429 -0.4328 0.8901
vn -0.1036 -0.4075 0.9073
vn -0.1528 -0.4299 0.8899
vn -0.1883 -0.4215 0.8871
vn -0.2018 -0.5579 0.8050
vn -0.1071 -0.4168 0.9027
vn -0.1466 -0.4268 0.8924
vn -0.1949 -0.5991 0.7766
vn -0.1002 -0.3663 0.9251
vn -0.1516 -0.2710 0.9506
vn 0.0200 0.0498 0.9986
vn 0.0115 -0.2293 0.9733
vn -0.0253 -0.0082 0.9996
vn -0.1550 -0.2657 0.9515
vn -0.0372 -0.0082 0.9993
vn -0.1488 -0.2528 0.9560
vn 0.0361 -0.1116 0.9931
vn -0.1876 -0.2893 0.9387
vn 0.0152 -0.1101 0.9938
vn -0.1855 -0.2601 0.9476
vn -0.1315 -0.1465 0.9804
vn 0.0376 -0.2335 0.9716
vn -0.3555 -0.5893 0.7255
vn -0.3524 -0.5889 0.7274
vn -0.1486 -0.4387 0.8863
vn -0.1612 -0.5985 0.7847
vn -0.2844 -0.6287 0.7238
vn -0.2038 -0.2649 0.9425
vn -0.1437 -0.1584 0.9769
vn -0.2567 -0.2034 0.9448
vn -0.2536 -0.1982 0.9468
vn -0.6554 -0.4951 0.5704
vn -0.5213 -0.4963 0.6942
vn -0.4133 -0.2749 0.8681
vn -0.2452 -0.2318 0.9413
vn -0.4870 -0.4884 0.7241
vn -0.0776 -0.1854 0.9796
vn -0.1788 -0.2955 0.9385
vn -0.5328 -0.5236 0.6648
vn -0.4069 -0.6123 0.6778
vn -0.3562 -0.6500 0.6713
vn -0.5788 -0.4737 0.6638
vn -0.5371 -0.4872 0.6886
vn -0.5646 -0.4718 0.6772
vn -0.3208 -0.5972 0.7351
vn -0.3278 -0.5919 0.7363
vn -0.3164 -0.5605 0.7653
vn -0.3309 -0.5883 0.7379
vn -0.5398 -0.4986 0.6783
vn -0.3430 -0.5831 0.7364
vn -0.1618 -0.2805 0.9461
vn -0.6452 -0.7166 0.2648
vn -0.5765 -0.7568 0.3079
vn -0.6505 -0.5266 0.5474
vn -0.6014 -0.5570 0.5728
vn -0.5454 -0.5111 0.6643
vn -0.4625 -0.3136 0.8293
vn -0.3840 -0.3654 0.8480
vn -0.4433 -0.4429 0.7793
vn -0.5528 -0.4702 0.6879
vn -0.5711 -0.7543 0.3239
vn -0.3505 -0.5931 0.7248
vn -0.3337 -0.5864 0.7381
vn -0.3170 -0.5646 0.7621
vn -0.3157 -0.5829 0.7487
vn -0.8792 -0.4653 -0.1025
vn -0.9962 -0.0351 0.0803
vn -0.9819 -0.1291 0.1389
vn -0.8936 -0.0246 -0.4482
vn -0.9890 0.0249 0.1457
vn -0.8662 0.4987 -0.0307
vn -0.5107 -0.0853 -0.8555
vn -0.5906 -0.3192 -0.7412
vn -0.4484 0.0833 -0.8900
vn -0.4303 0.0502 -0.9013
vn -0.4631 0.0918 -0.8816
vn -0.4158 0.0879 -0.9052
vn -0.6559 -0.2820 -0.7003
vn -0.4824 0.0748 -0.8728
vn -0.4293 0.0891 -0.8988
vn -0.4891 0.0563 -0.8704
vn -0.7903 -0.2976 -0.5356
vn -0.7716 -0.2815 -0.5704
vn -0.7264 -0.3117 -0.6125
vn -0.8767 -0.0202 -0.4806
vn -0.6156 0.0806 -0.7839
vn -0.8103 -0.1882 -0.5550
vn -0.6138 -0.3533 -0.7060
vn -0.7431 -0.3604 -0.5638
vn -0.4795 0.1008 -0.8718
vn -0.3771 0.0798 -0.9227
vn -0.3128 0.3914 -0.8654
vn -0.4898 0.0462 -0.8706
vn -0.2689 0.2741 -0.9233
vn -0.2929 0.2748 -0.9158
vn -0.8225 0.2148 -0.5267
vn -0.8449 0.2797 -0.4560
vn -0.8425 0.0446 -0.5368
vn -0.7366 0.4451 -0.5092
vn -0.8808 0.4586 -0.1180
vn -0.8088 0.5801 -0.0967
vn -0.8541 0.2886 -0.4328
vn -0.5857 0.5935 -0.5520
vn -0.7942 0.1799 -0.5805
vn -0.7527 0.3998 -0.5230
vn -0.7626 0.4447 -0.4697
vn -0.8373 -0.5323 -0.1250
vn -0.8020 -0.4922 -0.3383
vn -0.9036 -0.0189 -0.4279
vn -0.8237 -0.2113 -0.5262
vn -0.9075 -0.0255 -0.4194
vn -0.7915 0.1804 -0.5840
vn -0.8240 0.1762 -0.5384
vn -0.4056 0.0871 -0.9099
vn -0.4704 0.0754 -0.8792
vn -0.9930 -0.0844 0.0826
vn -0.8516 -0.1236 -0.5094
vn -0.7837 0.1166 -0.6100
vn -0.7927 0.1766 -0.5835
vn -0.6303 -0.2589 -0.7320
vn -0.6832 -0.2805 -0.6742
vn -0.5139 0.0850 -0.8536
vn -0.3080 0.3716 -0.8758
vn -0.5155 0.0599 -0.8548
vn -0.3590 0.4140 -0.8365
vn -0.8092 0.1131 -0.5765
vn -0.5451 0.7516 -0.3714
vn -0.5453 0.7545 -0.3652
vn -0.4607 0.8677 -0.1868
vn -0.4946 0.8495 -0.1834
vn -0.5013 0.8427 -0.1962
vn -0.3915 0.7984 -0.4575
vn -0.5451 0.7552 -0.3642
vn -0.5991 0.6060 -0.5233
vn -0.1926 -0.0248 -0.9810
vn -0.2142 -0.0003 -0.9768
vn -0.1415 -0.0008 -0.9899
vn -0.0234 -0.0211 -0.9995
vn -0.2028 -0.0467 -0.9781
vn -0.1641 -0.0209 -0.9862
vn -0.1671 -0.0361 -0.9853
vn -0.1086 0.0074 -0.9941
vn -0.0906 -0.0031 -0.9959
vn -0.0617 0.0010 -0.9981
vn -0.1921 -0.0246 -0.9811
vn -0.3851 0.1353 -0.9129
vn -0.2585 0.5197 -0.8143
vn -0.1843 0.4677 -0.8645
vn 0.0944 0.3443 -0.9341
vn 0.1242 0.3297 -0.9359
vn -0.0183 0.2684 -0.9631
vn 0.0776 0.3087 -0.9480
vn -0.1794 0.3300 -0.9268
vn -0.2182 0.4418 -0.8702
vn -0.2815 0.4058 -0.8695
vn -0.2578 0.5147 -0.8177
vn 0.1222 0.2982 -0.9466
vn -0.0536 0.3003 -0.9523
vn -0.0483 0.0614 -0.9969
vn 0.0417 0.1417 -0.9890
vn -0.0128 0.1122 -0.9936
vn 0.0417 0.1711 -0.9844
vn 0.0324 0.1263 -0.9915
vn 0.0666 0.1300 -0.9893
vn 0.0291 0.0428 -0.9987
vn 0.0323 0.1484 -0.9884
vn 0.0338 0.1504 -0.9880
vn 0.0341 0.2853 -0.9578
vn -0.0460 0.2067 -0.9773
vn 0.0360 0.1612 -0.9863
vn 0.0767 0.3144 -0.9462
vn 0.1429 0.3242 -0.9351
vn 0.3414 0.2955 -0.8923
vn 0.2808 0.3811 -0.8808
vn 0.2779 0.4573 -0.8447
vn 0.1480 0.3146 -0.9376
vn 0.1087 0.3528 -0.9294
vn 0.2803 0.4286 -0.8589
vn -0.1408 -0.0169 -0.9899
vn 0.0242 0.1418 -0.9896
vn -0.1118 0.1140 -0.9872
vn -0.1018 0.0428 -0.9939
vn 0.0941 0.3516 -0.9314
vn 0.1440 0.3578 -0.9226
vn -0.3201 -0.0505 -0.9460
vn 0.0835 0.1777 -0.9805
vn 0.0233 0.0736 -0.9970
vn 0.1186 0.3139 -0.9420
vn 0.2121 0.3278 -0.9206
vn 0.0848 0.3346 -0.9386
vn 0.0889 0.2403 -0.9666
vn -0.2031 0.9783 -0.0400
vn -0.0079 0.9466 -0.3223
vn -0.1364 0.7355 -0.6637
vn -0.0456 0.9589 -0.2801
vn -0.1953 0.7313 -0.6535
vn 0.1268 0.9793 -0.1578
vn -0.1597 0.6579 -0.7360
vn -0.5671 0.8142 -0.1240
vn 0.1240 0.8956 -0.4273
vn 0.0938 0.9216 -0.3767
vn 0.0722 0.9217 -0.3812
vn -0.5443 0.6383 -0.5443
vn 0.1188 0.8946 -0.4308
vn 0.0799 0.9118 -0.4029
vn 0.3749 0.7961 -0.4750
vn 0.5212 0.8532 0.0194
vn 0.3695 0.7718 -0.5175
vn 0.5568 0.8299 0.0355
vn 0.4971 0.8650 0.0685
vn 0.4464 0.7844 -0.4306
vn 0.3974 0.8317 -0.3877
vn 0.3852 0.8346 -0.3939
vn 0.3516 0.8477 -0.3973
vn 0.3351 0.8808 -0.3346
vn 0.1289 0.9158 -0.3804
vn 0.2663 0.8449 -0.4639
vn 0.1240 0.9232 -0.3637
vn -0.1837 0.7234 -0.6656
vn -0.1809 0.5700 -0.8015
vn 0.4071 0.7176 -0.5651
vn 0.4457 0.7144 -0.5394
vn -0.1970 0.0175 -0.9802
vn -0.4288 -0.0021 -0.9034
vn -0.3091 -0.0618 -0.9490
vn -0.4356 0.3559 -0.8268
vn -0.3687 0.1374 -0.9193
vn -0.2439 0.4534 -0.8573
vn -0.2926 0.4103 -0.8638
vn -0.2449 0.4572 -0.8550
vn -0.4622 0.0599 -0.8847
vn -0.4081 0.7180 -0.5638
vn -0.5006 0.8581 -0.1144
vn -0.4553 0.7821 -0.4255
vn -0.4091 0.9067 -0.1025
vn -0.6297 0.5786 -0.5184
vn -0.5547 0.5793 -0.5972
vn -0.7606 0.6448 0.0760
vn -0.6762 0.4872 -0.5526
vn -0.5981 0.5798 -0.5533
vn -0.1108 0.3681 -0.9232
vn -0.2295 0.4484 -0.8639
vn 0.4488 0.6367 -0.6271
vn 0.4335 0.7225 -0.5386
vn 0.4377 0.7227 -0.5349
vn 0.4008 0.8301 -0.3876
vn 0.4531 0.6908 -0.5634
vn 0.4381 0.6900 -0.5761
vn 0.1215 0.3632 -0.9238
vn -0.2082 0.4681 -0.8588
vn -0.9828 -0.1355 0.1256
vn -0.9800 -0.1579 0.1213
vn -0.9206 -0.2415 0.3069
vn -0.9493 0.2415 0.2010
vn -0.8349 -0.2984 0.4624
vn -0.8074 -0.3059 0.5045
vn -0.6936 -0.0813 0.7158
vn -0.6221 -0.0553 0.7810
vn -0.6713 -0.0558 0.7390
vn -0.4166 -0.2179 0.8826
vn -0.5594 -0.0570 0.8269
vn -0.3850 0.1080 0.9166
vn -0.4043 0.0698 0.9119
vn -0.5535 -0.0575 0.8309
vn -0.5630 -0.0245 0.8261
vn -0.6157 0.0294 0.7874
vn -0.5335 -0.0783 0.8422
vn -0.5894 -0.0967 0.8020
vn -0.7981 0.2668 0.5402
vn -0.7940 0.2347 0.5607
vn -0.7913 0.6097 0.0458
vn -0.6735 0.7205 0.1651
vn -0.5299 0.4882 0.6934
vn -0.5892 0.5137 0.6237
vn -0.5237 0.4346 0.7327
vn -0.6117 0.4386 0.6584
vn -0.6190 0.4626 0.6347
vn -0.5802 0.4933 0.6480
vn -0.6366 0.4301 0.6401
vn -0.9549 0.1950 0.2242
vn -0.6033 0.5338 0.5925
vn -0.5983 0.4711 0.6482
vn -0.4005 0.0865 0.9122
vn -0.3907 0.1427 0.9094
vn -0.3770 0.1451 0.9148
vn -0.3412 0.4003 0.8505
vn -0.9259 -0.3290 0.1856
vn -0.6475 -0.0955 0.7560
vn -0.7616 -0.4004 0.5096
vn -0.8942 -0.3398 0.2913
vn -0.9284 0.2290 0.2924
vn -0.9681 0.1358 0.2103
vn -0.9637 0.1818 0.1955
vn -0.7045 0.0668 0.7066
vn -0.7575 -0.0693 0.6492
vn -0.3515 0.0894 0.9319
vn -0.4687 -0.0463 0.8821
vn -0.4367 -0.0149 0.8995
vn -0.6590 -0.0560 0.7501
vn -0.6587 -0.0617 0.7498
vn -0.7637 0.2280 0.6039
vn -0.3474 0.4246 0.8361
vn -0.4995 0.5205 0.6926
vn -0.4791 0.5395 0.6924
vn -0.6561 -0.1139 0.7460
vn -0.8417 0.1951 0.5035
vn -0.6020 0.7424 0.2939
vn -0.6026 0.6136 0.5102
vn -0.6464 0.5681 0.5093
vn -0.5822 0.7598 0.2895
vn -0.5640 0.7500 0.3454
vn -0.6287 0.6949 0.3490
vn -0.5898 0.6831 0.4308
vn -0.0974 -0.0502 0.9940
vn -0.1633 0.0553 0.9850
vn -0.1237 0.0184 0.9921
vn -0.0003 0.0482 0.9988
vn -0.1291 0.0394 0.9909
vn -0.0828 -0.0076 0.9965
vn -0.1025 0.0143 0.9946
vn -0.0566 0.0056 0.9984
vn -0.1407 0.0600 0.9882
vn -0.1379 0.0143 0.9903
vn -0.3604 0.1282 0.9240
vn -0.1234 0.5841 0.8023
vn 0.1243 0.3133 0.9415
vn 0.0961 0.3038 0.9479
vn -0.0335 0.3327 0.9424
vn 0.0680 0.1532 0.9858
vn -0.1188 0.3711 0.9209
vn -0.1403 0.4713 0.8707
vn -0.4016 0.3783 0.8341
vn -0.2683 0.4790 0.8358
vn 0.0031 0.3342 0.9425
vn -0.0085 0.0826 0.9965
vn 0.0115 0.0759 0.9970
vn -0.0098 0.0854 0.9963
vn 0.2030 0.3046 0.9306
vn -0.0084 0.0840 0.9964
vn 0.0446 0.1638 0.9855
vn 0.0074 0.0542 0.9985
vn -0.0088 0.0848 0.9964
vn -0.0085 0.0829 0.9965
vn -0.0450 0.0353 0.9984
vn 0.4709 0.6626 0.5824
vn 0.0796 0.3401 0.9370
vn 0.2575 0.4303 0.8652
vn 0.3626 0.3924 0.8453
vn 0.2980 0.4694 0.8312
vn 0.2502 0.3349 0.9084
vn 0.3447 0.5016 0.7935
vn 0.2969 0.4374 0.8488
vn 0.1344 0.2695 0.9536
vn 0.3003 0.4323 0.8503
vn 0.3122 0.4111 0.8565
vn 0.0034 0.1099 0.9939
vn -0.0359 0.0560 0.9978
vn 0.0060 0.0833 0.9965
vn 0.0127 0.0833 0.9964
vn 0.0850 0.3310 0.9398
vn 0.0659 0.3409 0.9378
vn 0.1108 0.2999 0.9475
vn 0.0610 0.3047 0.9505
vn -0.2556 0.0826 0.9633
vn 0.0211 0.0944 0.9953
vn 0.0038 -0.0131 0.9999
vn 0.0723 0.2561 0.9639
vn 0.2970 0.3889 0.8721
vn 0.1671 0.4013 0.9006
vn 0.2975 0.6082 0.7359
vn 0.3207 0.5929 0.7386
vn 0.4023 0.6447 0.6500
vn 0.3817 0.6085 0.6958
vn 0.0695 0.1970 0.9779
vn -0.1009 0.8646 0.4922
vn 0.0513 0.6912 0.7208
vn -0.3180 0.9344 0.1606
vn 0.0501 0.7843 0.6183
vn 0.0257 0.6874 0.7258
vn 0.2657 0.9506 0.1605
vn 0.0522 0.6874 0.7244
vn -0.0864 0.9924 -0.0872
vn -0.3167 0.8788 0.3569
vn -0.1731 0.9370 0.3033
vn -0.0035 0.8799 0.4752
vn -0.1545 0.9416 0.2994
vn 0.3391 0.9201 0.1960
vn 0.0384 0.8855 0.4630
vn 0.0383 0.8793 0.4748
vn 0.4583 0.8737 0.1632
vn 0.4894 0.8561 0.1658
vn 0.4676 0.6322 0.6178
vn 0.4633 0.6968 0.5475
vn 0.5411 0.5937 0.5955
vn 0.4810 0.8760 0.0343
vn 0.5129 0.8530 0.0969
vn 0.4592 0.8752 0.1523
vn 0.4904 0.8580 0.1530
vn 0.4755 0.8660 0.1546
vn 0.4389 0.8817 0.1731
vn 0.3688 0.9164 0.1552
vn 0.1485 0.8132 0.5627
vn 0.0877 0.6897 0.7188
vn 0.3383 0.9229 0.1840
vn 0.3132 0.9350 0.1661
vn -0.1255 0.5396 0.8325
vn -0.0304 0.7455 0.6658
vn 0.0562 0.6886 0.7230
vn 0.1764 0.6186 0.7657
vn -0.4770 -0.2262 0.8493
vn -0.3999 0.0512 0.9151
vn -0.3475 0.0381 0.9369
vn -0.3976 0.3811 0.8347
vn -0.3810 0.1259 0.9160
vn -0.4159 0.0783 0.9060
vn -0.5171 0.7750 0.3634
vn -0.6442 0.3091 0.6996
vn -0.4271 0.8808 0.2042
vn -0.3154 0.9290 0.1938
vn -0.6449 0.7462 0.1650
vn -0.5281 0.5320 0.6619
vn -0.6076 0.4158 0.6767
vn -0.5092 0.6695 0.5408
vn -0.6348 0.5780 0.5128
vn 0.4983 0.8663 0.0348
vn 0.4098 0.5438 0.7324
vn 0.4629 0.7040 0.5386
vn 0.4593 0.8750 0.1533
vn 0.4680 0.6117 0.6378
vn -0.1170 0.4492 0.8857
vn -0.0466 0.5221 0.8516
vn -0.0590 0.4379 0.8971
vn -0.3467 0.4482 0.8239
vn 0.3363 0.6088 0.7185
vn 0.3099 0.6377 0.7052
vn -0.4839 0.3730 0.7917
vn 0.1637 -0.9687 0.1867
vn 0.2038 -0.5092 -0.8362
vn 0.0525 -0.6125 -0.7887
vn 0.0730 -0.5885 -0.8052
vn 0.4206 -0.5951 -0.6848
vn 0.5471 -0.7641 -0.3420
vn 0.5467 -0.7599 -0.3516
vn 0.5249 -0.7702 -0.3623
vn 0.4281 -0.6074 -0.6692
vn 0.4470 -0.7111 -0.5427
vn 0.5208 -0.8537 0.0017
vn 0.4791 -0.8774 0.0260
vn 0.1276 -0.9191 -0.3729
vn 0.1684 -0.8852 -0.4337
vn 0.5514 -0.7437 -0.3780
vn 0.5339 -0.7516 -0.3875
vn 0.1744 -0.8836 -0.4346
vn 0.5140 -0.7711 -0.3758
vn 0.5340 -0.7710 -0.3470
vn 0.5368 -0.7600 -0.3665
vn 0.0374 -0.4556 -0.8894
vn 0.0975 -0.3509 -0.9313
vn 0.1079 -0.3579 -0.9275
vn 0.1413 -0.2789 -0.9499
vn 0.1085 -0.3042 -0.9464
vn 0.1347 -0.2973 -0.9452
vn 0.1376 -0.5606 -0.8166
vn 0.0912 -0.2844 -0.9544
vn 0.1160 -0.3381 -0.9339
vn 0.0834 -0.2906 -0.9532
vn 0.1294 -0.5994 -0.7900
vn 0.0547 -0.2915 -0.9550
vn 0.1322 -0.2588 -0.9568
vn -0.0101 -0.0365 -0.9993
vn 0.1644 -0.2798 -0.9459
vn 0.0740 -0.1068 -0.9915
vn 0.1452 -0.2816 -0.9485
vn 0.0367 -0.1061 -0.9937
vn 0.0252 -0.1042 -0.9942
vn 0.1314 -0.2511 -0.9590
vn 0.1295 -0.2141 -0.9682
vn 0.0855 -0.1171 -0.9894
vn 0.0600 -0.0749 -0.9954
vn 0.0611 -0.0738 -0.9954
vn 0.0719 -0.1631 -0.9840
vn 0.0994 -0.1367 -0.9856
vn 0.0734 -0.1005 -0.9922
vn 0.4280 -0.5530 -0.7149
vn 0.4218 -0.5748 -0.7012
vn 0.5006 -0.5794 -0.6432
vn 0.4945 -0.5413 -0.6801
vn 0.6081 -0.7346 -0.3010
vn 0.6878 -0.7082 -0.1592
vn 0.6873 -0.7078 -0.1633
vn 0.5766 -0.5656 -0.5896
vn 0.5244 -0.6149 -0.5890
vn 0.5242 -0.6311 -0.5717
vn 0.7142 -0.6816 -0.1592
vn 0.6082 -0.7230 -0.3276
vn 0.5466 -0.5946 -0.5897
vn 0.4566 -0.5672 -0.6854
vn 0.5289 -0.5536 -0.6432
vn 0.4345 -0.5667 -0.7001
vn 0.6491 -0.7294 -0.2159
vn 0.6401 -0.6862 -0.3455
vn 0.6033 -0.7219 -0.3390
vn 0.6102 -0.7277 -0.3132
vn 0.6641 -0.6788 -0.3134
vn 0.6170 -0.7145 -0.3298
vn 0.6084 -0.7219 -0.3296
vn 0.5459 -0.6522 -0.5260
vn 0.4116 -0.3819 -0.8275
vn 0.4115 -0.3820 -0.8275
vn 0.2121 -0.2970 -0.9310
vn 0.2018 -0.1319 -0.9705
vn 0.3920 -0.3781 -0.8387
vn 0.4066 -0.3721 -0.8344
vn 0.4153 -0.3629 -0.8341
vn 0.2764 -0.2221 -0.9350
vn 0.4189 -0.3962 -0.8170
vn 0.4001 -0.3546 -0.8451
vn 0.3042 -0.2071 -0.9298
vn 0.2720 -0.2886 -0.9180
vn 0.4379 -0.3761 -0.8166
vn 0.4081 -0.3456 -0.8450
vn 0.2818 -0.2628 -0.9228
vn 0.2709 -0.3449 -0.8987
vn 0.2424 -0.2445 -0.9389
vn 0.4145 -0.5763 -0.7043
vn 0.4107 -0.5831 -0.7009
vn 0.4143 -0.5903 -0.6927
vn 0.1529 -0.2648 -0.9521
vn 0.0758 -0.1440 -0.9867
vn 0.0151 -0.0482 -0.9987
vn 0.1058 -0.2513 -0.9621
vn 0.1523 -0.3388 -0.9284
vn 0.1491 -0.2563 -0.9550
vn 0.1631 -0.2982 -0.9405
vn 0.3207 -0.2974 -0.8993
vn 0.4151 -0.3896 -0.8221
vn 0.3695 -0.4482 -0.8140
vn 0.5978 -0.5439 -0.5890
vn 0.4602 -0.6071 -0.6478
vn 0.0480 -0.6163 -0.7860
vn 0.3132 -0.5569 -0.7693
vn 0.4143 -0.6029 -0.6818
vn 0.2695 -0.5862 -0.7640
vn 0.4653 -0.5166 -0.7188
vn 0.4339 -0.5449 -0.7175
vn 0.4641 -0.5526 -0.6922
vn 0.4565 -0.5638 -0.6883
vn 0.4473 -0.3805 -0.8094
vn 0.3716 -0.4695 -0.8009
vn 0.4827 -0.5404 -0.6892
vn 0.4144 -0.5946 -0.6890
vn 0.1655 -0.2344 -0.9580
vn 0.6869 -0.7073 -0.1670
vn 0.6865 -0.7069 -0.1702
vn 0.6377 -0.3870 -0.6661
vn 0.7422 -0.4111 -0.5293
vn 0.6810 -0.4819 -0.5513
vn 0.6815 -0.5019 -0.5326
vn 0.7628 -0.5238 -0.3791
vn 0.6800 -0.4928 -0.5429
vn 0.8834 -0.4264 -0.1946
vn 0.8788 -0.4433 -0.1767
vn 0.8716 -0.4694 -0.1412
vn 0.8773 -0.4047 -0.2581
vn 0.7044 -0.4644 -0.5368
vn 0.6396 -0.4635 -0.6132
vn 0.6958 -0.4648 -0.5475
vn 0.6637 -0.4725 -0.5799
vn 0.8836 -0.3929 -0.2548
vn 0.7797 -0.5015 -0.3750
vn 0.8330 -0.4397 -0.3356
vn 0.8201 -0.4215 -0.3869
vn 0.9060 -0.3949 -0.1523
vn 0.7603 -0.5130 -0.3984
vn 0.7622 -0.5055 -0.4043
vn 0.7623 -0.5043 -0.4056
vn 0.6801 -0.7125 -0.1726
vn 0.6531 -0.7087 -0.2666
vn 0.7160 -0.6285 -0.3040
vn 0.6226 -0.4011 -0.6719
vn 0.6551 -0.3542 -0.6674
vn 0.6369 -0.4206 -0.6461
vn 0.6518 -0.7425 -0.1545
vn 0.6779 -0.6692 -0.3043
vn 0.2928 -0.2254 -0.9292
vn 0.3774 -0.4497 -0.8095
vn 0.4449 -0.3500 -0.8244
vn 0.6082 -0.5883 -0.5329
vn 0.6606 -0.4313 -0.6145
vn 0.6563 -0.3925 -0.6443
vn 0.6071 -0.5046 -0.6139
vn 0.0802 -0.5804 -0.8104
vn 0.4044 -0.6152 -0.6768
vn 0.4100 -0.5905 -0.6951
vn 0.2713 -0.5947 -0.7568
vn 0.6084 -0.7219 -0.3297
vn 0.5549 -0.7456 -0.3691
vn 0.4542 -0.7807 -0.4292
vn 0.1927 -0.9803 0.0434
vn 0.1869 -0.6439 0.7419
vn 0.0674 -0.5723 0.8173
vn 0.1198 -0.5853 0.8019
vn 0.5488 -0.8049 0.2259
vn 0.5014 -0.8440 0.1904
vn 0.5284 -0.8348 0.1549
vn 0.4285 -0.5851 0.6885
vn 0.4160 -0.6231 0.6624
vn 0.4820 -0.8694 0.1087
vn 0.0653 -0.5847 0.8086
vn 0.1574 -0.9874 0.0149
vn 0.5306 -0.8285 0.1792
vn 0.5239 -0.8234 0.2181
vn 0.5279 -0.8127 0.2467
vn 0.4025 -0.6098 0.6828
vn 0.4140 -0.5872 0.6955
vn 0.0106 -0.5411 0.8409
vn 0.1053 -0.3790 0.9194
vn 0.2068 -0.3444 0.9158
vn 0.1844 -0.3931 0.9008
vn 0.2170 -0.3172 0.9232
vn 0.1429 -0.3666 0.9194
vn 0.0830 -0.5689 0.8182
vn 0.1733 -0.2718 0.9466
vn 0.1919 -0.3377 0.9215
vn 0.0423 -0.4183 0.9073
vn 0.2569 -0.5526 0.7929
vn 0.1327 -0.3775 0.9165
vn 0.0297 -0.1821 0.9828
vn 0.0016 -0.0819 0.9966
vn 0.1387 -0.2139 0.9670
vn 0.0426 -0.2071 0.9774
vn 0.1442 -0.2137 0.9662
vn -0.0309 -0.0942 0.9951
vn 0.1173 -0.2412 0.9634
vn 0.0140 -0.0961 0.9953
vn 0.0077 -0.1450 0.9894
vn 0.1127 -0.2262 0.9675
vn 0.1486 -0.2131 0.9657
vn 0.1486 -0.2302 0.9617
vn 0.0149 -0.1357 0.9906
vn 0.6113 -0.7590 0.2242
vn 0.4465 -0.5508 0.7052
vn 0.4543 -0.5587 0.6938
vn 0.4581 -0.5387 0.7071
vn 0.6992 -0.7120 0.0647
vn 0.5473 -0.5711 0.6117
vn 0.5259 -0.6110 0.5917
vn 0.5260 -0.6015 0.6012
vn 0.6257 -0.7585 0.1822
vn 0.6284 -0.7541 0.1908
vn 0.5508 -0.5811 0.5991
vn 0.4367 -0.5675 0.6980
vn 0.7026 -0.7068 0.0824
vn 0.5688 -0.7952 0.2102
vn 0.4625 -0.5713 0.6781
vn 0.4268 -0.5696 0.7024
vn 0.6319 -0.7452 0.2129
vn 0.6218 -0.7539 0.2123
vn 0.5490 -0.5967 0.5853
vn 0.4641 -0.7606 0.4539
vn 0.6217 -0.7461 0.2384
vn 0.6046 -0.7617 0.2330
vn 0.5468 -0.5895 0.5946
vn 0.3871 -0.5348 0.7511
vn 0.4262 -0.4224 0.8000
vn 0.4097 -0.5189 0.7503
vn 0.1702 -0.3815 0.9086
vn 0.2207 -0.1107 0.9690
vn 0.4387 -0.3464 0.8292
vn 0.4500 -0.3664 0.8144
vn 0.4124 -0.3279 0.8500
vn 0.3239 -0.3168 0.8915
vn 0.3838 -0.3856 0.8390
vn 0.4070 -0.4347 0.8034
vn 0.1882 -0.1120 0.9757
vn 0.1786 -0.1811 0.9671
vn 0.4707 -0.3283 0.8189
vn 0.4166 -0.3387 0.8436
vn 0.2412 -0.1869 0.9523
vn 0.3081 -0.2760 0.9104
vn 0.4008 -0.5943 0.6973
vn 0.4498 -0.5510 0.7029
vn 0.3670 -0.4550 0.8114
vn 0.3799 -0.5035 0.7760
vn 0.4078 -0.5506 0.7283
vn 0.1113 -0.2339 0.9659
vn 0.2170 -0.1788 0.9596
vn 0.1667 -0.2024 0.9650
vn 0.1615 -0.1832 0.9697
vn 0.5711 -0.5992 0.5611
vn 0.4565 -0.5997 0.6572
vn 0.0823 -0.1876 0.9788
vn 0.1528 -0.3349 0.9298
vn 0.1663 -0.3088 0.9365
vn 0.3883 -0.4536 0.8022
vn 0.3900 -0.4653 0.7946
vn 0.3695 -0.4978 0.7847
vn 0.0938 -0.5350 0.8396
vn 0.4101 -0.5976 0.6890
vn 0.4137 -0.5843 0.6982
vn 0.2777 -0.6618 0.6963
vn 0.4413 -0.5525 0.7071
vn 0.4265 -0.5506 0.7176
vn 0.4428 -0.5647 0.6964
vn 0.4364 -0.5600 0.7043
vn 0.6021 -0.5279 0.5990
vn 0.4565 -0.6008 0.6563
vn 0.4430 -0.5171 0.7323
vn 0.4497 -0.5480 0.7053
vn 0.1526 -0.3779 0.9132
vn 0.6667 -0.7372 0.1103
vn 0.8227 -0.5242 0.2198
vn 0.7855 -0.5734 0.2329
vn 0.6880 -0.5001 0.5259
vn 0.6906 -0.4718 0.5482
vn 0.6910 -0.4857 0.5354
vn 0.7062 -0.5015 0.4998
vn 0.8153 -0.5394 0.2107
vn 0.8437 -0.5273 0.1006
vn 0.8507 -0.5116 0.1207
vn 0.7834 -0.5725 0.2419
vn 0.7426 -0.4729 0.4742
vn 0.8285 -0.5063 0.2391
vn 0.7050 -0.4898 0.5130
vn 0.6910 -0.4981 0.5239
vn 0.7600 -0.4648 0.4543
vn 0.7656 -0.4955 0.4104
vn 0.7538 -0.4729 0.4563
vn 0.7409 -0.4908 0.4584
vn 0.7469 -0.4753 0.4650
vn 0.7565 -0.4690 0.4558
vn 0.7512 -0.5402 0.3794
vn 0.5540 -0.3407 0.7596
vn 0.7973 -0.5783 0.1727
vn 0.7706 -0.6109 0.1818
vn 0.7615 -0.4592 0.4574
vn 0.5435 -0.3392 0.7678
vn 0.5607 -0.3451 0.7527
vn 0.5769 -0.3473 0.7393
vn 0.6941 -0.7170 0.0640
vn 0.7092 -0.7021 0.0642
vn 0.6011 -0.5696 0.5606
vn 0.6738 -0.4746 0.5664
vn 0.6598 -0.5008 0.5603
vn 0.4524 -0.3383 0.8251
vn 0.4589 -0.3647 0.8102
vn 0.4885 -0.3192 0.8121
vn 0.6553 -0.4318 0.6197
vn 0.6731 -0.4639 0.5759
vn 0.0611 -0.5412 0.8386
vn 0.4040 -0.6379 0.6557
vn 0.2790 -0.6240 0.7299
vn 0.5474 -0.7991 0.2486
vn 0.5473 -0.8079 0.2186
vn 0.3986 -0.6093 0.6855
vn 0.0161 0.0818 -0.9965
vn -0.1071 0.1510 -0.9827
vn 0.0075 0.0292 -0.9995
vn -0.0628 0.2213 -0.9732
vn 0.0072 0.0961 -0.9953
vn 0.0056 0.2217 -0.9751
vn -0.0233 0.0947 -0.9952
vn -0.0027 0.0809 -0.9967
vn -0.0423 0.2146 -0.9758
vn -0.0025 0.1182 -0.9930
vn -0.0454 0.1403 -0.9891
vn -0.0029 0.0809 -0.9967
vn -0.2829 0.4676 -0.8375
vn -0.1309 0.3247 -0.9367
vn -0.2741 0.4556 -0.8469
vn -0.3065 0.5005 -0.8097
vn -0.2909 0.4686 -0.8342
vn -0.2460 0.3171 -0.9159
vn -0.3381 0.5247 -0.7813
vn -0.2818 0.4643 -0.8396
vn -0.2758 0.4331 -0.8581
vn -0.2291 0.2902 -0.9291
vn -0.3048 0.4442 -0.8425
vn -0.4249 0.6775 -0.6004
vn -0.4256 0.6494 -0.6302
vn 0.1254 0.0075 -0.9921
vn 0.0320 -0.0348 -0.9989
vn 0.1832 -0.0825 -0.9796
vn 0.2102 0.0884 -0.9737
vn 0.1193 0.0074 -0.9928
vn 0.1492 -0.0349 -0.9882
vn 0.1244 -0.0156 -0.9921
vn 0.1007 0.0052 -0.9949
vn 0.1237 -0.0119 -0.9922
vn 0.1204 -0.0164 -0.9926
vn 0.1407 -0.0164 -0.9899
vn -0.0642 0.2580 -0.9640
vn -0.0555 0.2527 -0.9660
vn 0.1070 0.2805 -0.9539
vn 0.0769 0.3021 -0.9502
vn -0.0440 0.3164 -0.9476
vn 0.1530 0.1380 -0.9785
vn 0.1898 0.4187 -0.8881
vn 0.1748 0.4795 -0.8600
vn 0.0566 0.2717 -0.9607
vn 0.1753 0.3755 -0.9101
vn 0.2998 0.3668 -0.8807
vn 0.0017 0.2247 -0.9744
vn 0.2353 0.3836 -0.8930
vn 0.1402 0.3343 -0.9320
vn 0.1049 0.2808 -0.9540
vn 0.1239 -0.0141 -0.9922
vn -0.0576 0.1539 -0.9864
vn 0.0189 0.0920 -0.9956
vn 0.0358 0.0681 -0.9970
vn -0.0027 0.2034 -0.9791
vn -0.0918 0.3036 -0.9484
vn -0.3099 0.4863 -0.8170
vn -0.0689 0.2214 -0.9728
vn -0.2872 0.4605 -0.8399
vn -0.0008 0.2022 -0.9793
vn -0.1217 0.3210 -0.9392
vn -0.1163 0.2558 -0.9597
vn 0.2849 0.1351 -0.9490
vn 0.0962 0.0592 -0.9936
vn -0.3077 0.6359 -0.7078
vn -0.3127 0.6020 -0.7347
vn -0.3301 0.6384 -0.6953
vn -0.3453 0.6011 -0.7207
vn -0.0603 0.2606 -0.9636
vn -0.5113 0.8583 0.0427
vn -0.4734 0.8805 0.0259
vn -0.3863 0.6297 -0.6740
vn -0.3559 0.6553 -0.6663
vn -0.4462 0.6431 -0.6224
vn -0.4262 0.8887 -0.1687
vn -0.4210 0.6741 -0.6069
vn -0.4304 0.8985 -0.0861
vn -0.4828 0.8528 -0.1993
vn -0.4797 0.8559 -0.1934
vn -0.4373 0.8711 -0.2237
vn -0.4610 0.8581 -0.2260
vn -0.4290 0.8765 -0.2184
vn 0.0436 0.7641 -0.6437
vn 0.1087 0.9561 -0.2721
vn 0.0855 0.7260 -0.6823
vn 0.0470 0.9414 -0.3341
vn 0.0926 0.9559 -0.2787
vn 0.1446 0.9057 -0.3985
vn 0.0940 0.9514 -0.2933
vn 0.1707 0.8891 -0.4248
vn 0.0893 0.9585 -0.2707
vn 0.1430 0.8929 -0.4270
vn 0.0974 0.9595 -0.2643
vn -0.3019 0.6124 -0.7307
vn -0.4433 0.8710 -0.2117
vn 0.0396 0.7287 -0.6837
vn 0.0616 0.4709 -0.8800
vn 0.1323 0.6210 -0.7726
vn -0.3162 0.6070 -0.7291
vn 0.3615 -0.0842 -0.9286
vn 0.4275 -0.1361 -0.8937
vn 0.4032 0.1018 -0.9094
vn 0.3757 0.1000 -0.9213
vn 0.6575 -0.2241 -0.7194
vn 0.4464 0.1441 -0.8832
vn 0.4038 -0.0894 -0.9105
vn 0.3441 -0.0865 -0.9349
vn 0.6084 -0.2476 -0.7540
vn 0.7341 -0.2107 -0.6455
vn 0.6241 -0.3331 -0.7067
vn 0.6902 -0.1878 -0.6988
vn 0.8787 -0.4432 -0.1774
vn 0.7530 -0.1134 -0.6482
vn 0.7404 -0.0896 -0.6662
vn 0.7675 -0.1011 -0.6331
vn 0.8762 -0.4222 -0.2325
vn 0.9663 -0.0750 -0.2462
vn 0.5078 0.1835 -0.8417
vn 0.5096 0.1838 -0.8405
vn 0.5024 0.2337 -0.8325
vn 0.4899 0.4112 -0.7687
vn 0.5275 0.3560 -0.7713
vn 0.7609 -0.1273 -0.6363
vn 0.5721 0.5139 -0.6393
vn 0.3638 0.2467 -0.8982
vn 0.6232 0.5345 -0.5709
vn 0.5514 0.6310 -0.5457
vn 0.6018 0.5577 -0.5717
vn 0.5761 0.4197 -0.7015
vn 0.6167 0.5619 -0.5514
vn 0.6278 0.6034 -0.4918
vn 0.6235 0.5602 -0.5454
vn 0.5960 0.6346 -0.4920
vn 0.5173 0.3823 -0.7657
vn 0.9312 -0.0889 -0.3536
vn 0.9238 -0.1323 -0.3594
vn 0.9852 0.1176 -0.1248
vn 0.9406 0.3163 0.1233
vn 0.9658 0.1078 -0.2360
vn 0.8260 -0.4481 -0.3418
vn 0.8654 -0.4902 -0.1036
vn 0.9219 -0.1217 -0.3678
vn 0.9200 -0.1121 -0.3756
vn 0.9301 -0.0845 -0.3573
vn 0.9821 0.0336 -0.1855
vn 0.8995 0.4074 0.1581
vn 0.9722 0.0845 -0.2185
vn 0.9848 0.0607 -0.1625
vn 0.3857 0.0989 -0.9173
vn 0.4599 0.1714 -0.8713
vn 0.5236 0.1643 -0.8360
vn 0.7644 -0.1048 -0.6361
vn 0.9832 0.1272 -0.1308
vn 0.9544 0.0167 -0.2982
vn 0.6469 -0.2350 -0.7255
vn 0.7387 -0.1044 -0.6659
vn 0.6491 -0.1677 -0.7420
vn 0.6421 -0.2430 -0.7271
vn 0.4613 0.3351 -0.8215
vn 0.4163 0.3854 -0.8235
vn 0.5023 0.2248 -0.8350
vn 0.4374 0.3628 -0.8229
vn 0.4517 0.2782 -0.8477
vn 0.9653 -0.0663 -0.2526
vn 0.6072 0.7098 -0.3569
vn 0.5838 0.6239 -0.5196
vn 0.6107 0.6867 -0.3943
vn 0.6363 0.6631 -0.3942
vn 0.6153 0.6793 -0.3999
vn 0.3587 -0.1332 -0.9239
vn 0.3939 0.0846 -0.9152
vn 0.3770 -0.0610 -0.9242
vn 0.4311 0.2875 -0.8553
vn 0.2951 0.1207 -0.9478
vn 0.3963 0.4352 -0.8084
vn 0.4254 0.4751 -0.7703
vn 0.4097 0.3922 -0.8236
vn 0.3604 0.1322 -0.9234
vn 0.2190 0.7992 -0.5597
vn 0.1926 0.9215 -0.3373
vn 0.0375 0.6945 -0.7185
vn 0.2394 0.4513 -0.8596
vn 0.1294 0.4619 -0.8774
vn -0.3553 0.5773 -0.7352
vn -0.4754 0.8692 -0.1359
vn -0.4188 0.6107 -0.6720
vn -0.3134 0.5726 -0.7576
vn 0.1793 0.4294 -0.8851
vn 0.6068 0.6008 -0.5204
vn 0.5571 0.4605 -0.6910
vn 0.6296 0.6660 -0.4001
vn 0.4000 0.4893 -0.7750
vn -0.0052 0.0916 0.9958
vn -0.0100 0.1295 0.9915
vn 0.0064 0.1060 0.9943
vn -0.0025 0.0995 0.9950
vn 0.0066 0.0916 0.9958
vn -0.0073 0.1298 0.9915
vn -0.0001 0.0994 0.9951
vn 0.0042 0.1067 0.9943
vn 0.0071 0.1053 0.9944
vn 0.0146 0.0927 0.9956
vn -0.4191 0.7478 0.5150
vn -0.4350 0.7112 0.5522
vn -0.2066 0.4523 0.8676
vn -0.2246 0.4386 0.8702
vn -0.1978 0.4406 0.8756
vn -0.2084 0.4564 0.8650
vn -0.2479 0.4637 0.8506
vn -0.2034 0.4334 0.8779
vn -0.2327 0.4623 0.8557
vn -0.1985 0.4515 0.8699
vn 0.1147 0.0244 0.9931
vn -0.0174 0.0778 0.9968
vn 0.1560 -0.0256 0.9874
vn 0.1620 -0.0354 0.9862
vn 0.1998 -0.0276 0.9795
vn 0.0688 -0.0241 0.9973
vn 0.0027 0.1241 0.9923
vn 0.1729 -0.0140 0.9848
vn 0.1772 0.0880 0.9802
vn 0.1694 0.0175 0.9854
vn -0.0552 0.1579 0.9859
vn 0.1225 0.5167 0.8474
vn -0.1934 0.5212 0.8312
vn -0.1935 0.5088 0.8388
vn 0.0493 0.1746 0.9834
vn 0.2214 0.4331 0.8737
vn 0.1585 0.3579 0.9202
vn 0.0415 0.1747 0.9837
vn 0.2058 0.3977 0.8941
vn 0.1080 0.4936 0.8630
vn -0.0148 0.2291 0.9733
vn 0.3780 0.4284 0.8207
vn 0.1835 0.3994 0.8982
vn 0.1720 0.2608 0.9500
vn -0.0138 0.1371 0.9905
vn 0.0049 0.0980 0.9952
vn -0.0076 0.1189 0.9929
vn -0.0147 0.1652 0.9861
vn -0.2747 0.4314 0.8593
vn -0.2128 0.4671 0.8582
vn -0.0089 0.1575 0.9875
vn -0.0247 0.1638 0.9862
vn -0.0092 0.1324 0.9912
vn 0.0449 0.0507 0.9977
vn -0.0217 0.0506 0.9985
vn -0.2075 0.4322 0.8776
vn -0.2042 0.4357 0.8766
vn -0.2076 0.4348 0.8763
vn -0.0184 0.1552 0.9877
vn -0.5053 0.8609 0.0593
vn -0.4964 0.8661 0.0580
vn -0.4883 0.8670 0.0992
vn -0.3955 0.7258 0.5629
vn -0.3666 0.7429 0.5600
vn -0.3912 0.7295 0.5611
vn -0.4860 0.8696 0.0871
vn -0.4135 0.7320 0.5415
vn -0.4877 0.8675 0.0983
vn -0.4925 0.8653 0.0931
vn -0.4942 0.8644 0.0922
vn -0.4867 0.8687 0.0921
vn -0.4896 0.8671 0.0918
vn -0.4859 0.8689 0.0948
vn 0.0947 0.8114 0.5768
vn 0.0949 0.7951 0.5990
vn 0.0080 0.9818 0.1899
vn 0.3583 0.7690 0.5294
vn 0.1256 0.7641 0.6327
vn 0.0965 0.7714 0.6290
vn 0.1433 0.9895 0.0178
vn 0.0562 0.7509 0.6580
vn 0.1420 0.7673 0.6254
vn 0.0021 0.9943 0.1063
vn 0.5342 0.8097 0.2430
vn 0.0309 0.8460 0.5322
vn 0.0328 0.8446 0.5344
vn 0.0556 0.9914 0.1181
vn 0.5831 0.7576 0.2934
vn 0.0016 0.9793 0.2026
vn 0.0310 0.8446 0.5345
vn -0.3920 0.7099 0.5851
vn -0.3900 0.7333 0.5569
vn -0.4753 0.8749 0.0935
vn -0.4322 0.7308 0.5284
vn 0.0659 0.5539 0.8300
vn 0.1691 0.7356 0.6559
vn 0.1239 0.6497 0.7500
vn -0.2458 0.4585 0.8540
vn 0.8719 -0.2143 0.4404
vn 0.7457 -0.4849 0.4569
vn 0.8134 -0.2212 0.5381
vn 0.6958 0.0516 0.7164
vn 0.7354 0.0511 0.6757
vn 0.8902 -0.0656 0.4509
vn 0.6942 0.0728 0.7161
vn 0.8654 -0.1784 0.4683
vn 0.8760 -0.2073 0.4356
vn 0.5442 -0.3292 0.7716
vn 0.5088 -0.2081 0.8353
vn 0.5271 0.1159 0.8419
vn 0.5120 0.1015 0.8530
vn 0.4417 0.1035 0.8912
vn 0.6010 0.0017 0.7993
vn 0.5221 0.0842 0.8487
vn 0.5289 0.0843 0.8445
vn 0.6262 -0.0188 0.7795
vn 0.4782 0.4585 0.7491
vn 0.7280 0.1389 0.6714
vn 0.7603 0.3394 0.5538
vn 0.7637 0.0697 0.6418
vn 0.6028 0.5061 0.6168
vn 0.7795 0.3093 0.5448
vn 0.5151 0.4498 0.7296
vn 0.5310 0.4453 0.7209
vn 0.7187 0.3772 0.5841
vn 0.7936 0.2599 0.5501
vn 0.4897 0.4539 0.7444
vn 0.4475 0.1230 0.8858
vn 0.4279 0.1648 0.8887
vn 0.3743 0.1833 0.9090
vn 0.4257 0.3449 0.8365
vn 0.9327 -0.3602 -0.0199
vn 0.9537 -0.2213 0.2037
vn 0.9710 -0.1251 0.2036
vn 0.8865 -0.1943 0.4200
vn 0.9101 0.4093 0.0645
vn 0.7470 0.2876 0.5994
vn 0.8973 -0.4412 -0.0118
vn 0.8793 -0.2952 0.3737
vn 0.7763 -0.2014 0.5974
vn 0.8847 -0.1746 0.4322
vn 0.8831 -0.1663 0.4387
vn 0.8900 0.4141 0.1908
vn 0.7521 0.2952 0.5892
vn 0.6966 -0.0123 0.7174
vn 0.7147 -0.0122 0.6993
vn 0.9964 0.0844 -0.0013
vn 0.8304 -0.1205 0.5440
vn 0.4457 0.1515 0.8823
vn 0.4190 0.1015 0.9023
vn 0.5126 -0.0072 0.8586
vn 0.6180 -0.3338 0.7118
vn 0.6089 0.0017 0.7932
vn 0.5410 0.0042 0.8410
vn 0.5810 -0.3114 0.7520
vn 0.4573 0.3929 0.7978
vn 0.4636 0.4159 0.7824
vn 0.5343 0.0406 0.8443
vn 0.4247 0.3845 0.8197
vn 0.3880 0.3566 0.8499
vn 0.6204 -0.0083 0.7842
vn 0.7088 0.0310 0.7048
vn 0.4812 0.8392 0.2532
vn 0.5384 0.8025 0.2569
vn 0.4985 0.6579 0.5645
vn 0.5643 0.6536 0.5043
vn 0.7386 0.6741 0.0118
vn 0.5204 0.7975 0.3053
vn 0.5427 0.8037 0.2440
vn 0.1687 -0.2185 0.9611
vn 0.3397 0.1167 0.9333
vn 0.1946 0.0035 0.9809
vn 0.3320 0.3734 0.8662
vn 0.3796 0.2154 0.8997
vn 0.4278 0.2982 0.8532
vn 0.3645 0.3323 0.8699
vn 0.4917 0.4475 0.7470
vn 0.4432 0.0451 0.8953
vn 0.3493 0.7004 0.6224
vn 0.4860 0.5957 0.6394
vn 0.5014 0.8213 0.2722
vn -0.5007 0.8650 0.0327
vn -0.4430 0.7329 0.5163
vn -0.2142 0.4568 0.8634
vn -0.4631 0.6552 0.5969
vn 0.0677 0.5864 0.8072
vn 0.0611 0.5317 0.8447
vn 0.0418 0.5322 0.8456
vn -0.2010 0.4383 0.8760
vn 0.4977 0.4128 0.7628
vn -0.2488 0.4786 0.8420
vn 0.6533 0.7555 -0.0493
vn 0.4580 0.5279 0.7153
vn 0.4818 0.5115 0.7116
vn 0.5533 0.8247 0.1172
vn 0.4321 0.6879 0.5831
vn 0.4994 0.5212 0.6920
vn 0.1587 -0.9865 0.0404
vn 0.0755 -0.6043 -0.7932
vn -0.0234 -0.6164 -0.7871
vn 0.1782 -0.8804 -0.4395
vn -0.0428 -0.5209 -0.8526
vn -0.0375 -0.3693 -0.9286
vn 0.0048 -0.4005 -0.9163
vn -0.0375 -0.3528 -0.9349
vn 0.0048 -0.0731 -0.9973
vn -0.0037 -0.0445 -0.9990
vn 0.0406 -0.2869 -0.9571
vn -0.0117 -0.0472 -0.9988
vn -0.0963 -0.5694 -0.8164
vn 0.0402 -0.3681 -0.9289
vn -0.0937 -0.5017 -0.8600
vn -0.0248 -0.9970 0.0727
vn -0.0386 -0.6220 0.7820
vn 0.0720 -0.7041 0.7064
vn -0.0248 -0.9960 0.0858
vn -0.0647 -0.6527 0.7549
vn 0.0602 -0.4662 0.8826
vn 0.0230 -0.4888 0.8721
vn 0.0286 -0.4444 0.8954
vn 0.0133 -0.1004 0.9949
vn 0.0016 -0.0696 0.9976
vn 0.0140 -0.1102 0.9938
vn 0.1015 -0.5806 0.8078
vn 0.0262 -0.1865 0.9821
vn 0.1005 -0.5645 0.8193
vn -0.0287 0.1119 -0.9933
vn -0.0745 0.2296 -0.9704
vn -0.0620 0.2264 -0.9721
vn -0.0549 0.1572 -0.9860
vn -0.2817 0.4614 -0.8413
vn 0.2852 0.4319 -0.8556
vn -0.5107 0.8550 0.0902
vn -0.4284 0.8971 -0.1081
vn 0.4245 0.7074 -0.5651
vn -0.2317 0.4657 -0.8541
vn -0.2001 0.4076 0.8909
vn -0.0134 0.0879 0.9960
vn 0.0154 0.1023 0.9946
vn -0.4962 0.8678 0.0253
vn -0.4405 0.7487 0.4953
vn -0.4470 0.7593 0.4729
vn -0.4881 0.8698 0.0715
vn -0.1928 0.4235 0.8851
vn -0.1824 0.4398 0.8794
vn -0.4278 0.7177 0.5495
vn -0.1925 0.4588 0.8674
vn -0.4509 -0.4315 -0.7813
vn -0.6315 -0.3370 -0.6983
vn -0.6963 -0.1384 -0.7043
vn -0.7867 -0.3352 -0.5184
vn -0.8539 -0.5081 -0.1132
vn -0.8234 -0.5098 -0.2494
vn -0.6181 -0.2746 -0.7366
vn -0.6216 -0.3150 -0.7172
vn -0.1674 -0.1477 -0.9748
vn -0.1902 -0.0455 -0.9807
vn -0.1715 -0.0068 -0.9852
vn -0.1816 -0.0456 -0.9823
vn -0.1257 -0.0690 -0.9897
vn 0.0053 -0.0588 -0.9983
vn -0.0332 -0.0707 -0.9969
vn -0.0947 0.0460 -0.9944
vn -0.4024 -0.4387 -0.8035
vn 0.0018 -0.0534 -0.9986
vn 0.0802 -0.0769 -0.9938
vn 0.0011 -0.0415 -0.9991
vn 0.1035 -0.0745 -0.9918
vn 0.3013 -0.1768 -0.9370
vn 0.0788 0.0320 -0.9964
vn 0.2068 -0.0726 -0.9757
vn 0.1937 -0.0039 -0.9811
vn 0.3253 -0.1891 -0.9265
vn 0.6855 -0.3562 -0.6350
vn 0.6770 -0.4686 -0.5675
vn 0.6957 -0.5719 -0.4347
vn 0.8839 -0.4318 -0.1796
vn 0.8902 -0.4274 -0.1579
vn 0.6575 -0.3750 -0.6535
vn 0.6249 -0.3621 -0.6917
vn 0.2698 -0.1857 -0.9448
vn -0.9242 -0.3012 0.2346
vn -0.8040 -0.3649 0.4695
vn -0.8365 -0.3013 0.4577
vn -0.8350 -0.3021 0.4599
vn -0.3948 -0.3784 0.8372
vn -0.4852 -0.2851 0.8266
vn -0.4925 -0.2296 0.8395
vn -0.4987 -0.2300 0.8357
vn -0.2150 -0.3286 0.9197
vn -0.0947 -0.1098 0.9894
vn -0.1895 0.0202 0.9817
vn -0.1632 -0.1086 0.9806
vn 0.0090 0.0837 0.9965
vn -0.0109 0.1113 0.9937
vn -0.0093 0.0837 0.9964
vn -0.0543 0.0316 0.9980
vn -0.3484 -0.3666 0.8627
vn -0.0145 0.1131 0.9935
vn -0.0189 0.1218 0.9924
vn -0.0054 0.0972 0.9953
vn 0.1954 -0.1427 0.9703
vn 0.1985 -0.1341 0.9709
vn 0.2440 -0.0961 0.9650
vn 0.0487 -0.0575 0.9972
vn 0.8867 -0.4622 -0.0097
vn 0.7411 -0.5310 0.4108
vn 0.7422 -0.4736 0.4741
vn 0.5928 -0.5165 0.6179
vn 0.5213 -0.4028 0.7523
vn 0.5473 -0.3403 0.7646
vn 0.5038 -0.3313 0.7977
vn 0.3645 -0.3678 0.8555
vn -0.6534 -0.7569 -0.0153
vn -0.7806 -0.6249 -0.0094
vn -0.8544 -0.5079 -0.1093
vn -0.8540 -0.5110 -0.0977
vn -0.8390 -0.5436 -0.0226
vn -0.8416 -0.5365 -0.0618
vn -0.8285 -0.5591 -0.0327
vn -0.8455 -0.5334 -0.0229
vn -0.4892 -0.8712 0.0410
vn -0.4455 -0.8952 0.0093
vn -0.2904 -0.9172 0.2729
vn -0.5011 -0.8654 0.0074
vn -0.7122 -0.7018 0.0151
vn -0.2827 -0.5533 0.7835
vn -0.5305 -0.8473 0.0264
vn -0.7460 -0.6657 0.0172
vn -0.9943 -0.0483 0.0946
vn -0.9736 -0.2088 0.0922
vn -0.9287 0.2178 0.3001
vn -0.8262 0.5542 0.1013
vn -0.9910 -0.0372 0.1284
vn -0.7485 0.6594 0.0706
vn -0.5106 0.8424 -0.1721
vn -0.3153 0.9419 -0.1158
vn -0.5555 0.8239 0.1127
vn -0.2808 0.9569 -0.0738
vn -0.0164 0.9976 -0.0674
vn 0.0474 0.9813 -0.1868
vn 0.4812 0.8760 0.0322
vn 0.5152 0.8528 0.0850
vn 0.5427 0.8392 0.0352
vn 0.4246 0.8970 0.1227
vn 0.5234 0.8518 0.0231
vn 0.2129 0.9584 0.1899
vn -0.6789 0.7195 0.1463
vn -0.1676 0.9857 -0.0180
vn 0.1749 -0.9838 0.0394
vn 0.5317 -0.8382 0.1213
vn 0.5081 -0.8551 0.1031
vn 0.4929 -0.8644 0.0992
vn 0.4620 -0.8695 0.1749
vn 0.6175 -0.7674 0.1727
vn 0.6983 -0.7134 0.0589
vn 0.6953 -0.7160 0.0631
vn 0.6941 -0.7171 0.0631
vn 0.7183 -0.6936 0.0547
vn 0.6518 -0.7581 0.0188
vn 0.6963 -0.7171 0.0303
vn 0.8246 -0.5185 0.2262
vn 0.9125 -0.3983 -0.0930
vn 0.8208 -0.5636 -0.0930
vn 0.8601 -0.5095 -0.0246
vn 0.7928 -0.5784 0.1920
vn 0.7644 -0.6146 0.1950
vn 0.6065 -0.7692 0.2012
vn -0.5142 0.8573 0.0249
vn -0.5195 0.8541 0.0267
vn -0.5136 0.8538 0.0858
vn -0.4869 0.8692 0.0857
vn -0.5590 0.8263 0.0682
vn 0.0087 0.9906 0.1364
vn 0.1384 0.9894 0.0450
vn 0.1679 0.9853 0.0314
vn -0.4843 0.8702 0.0912
vn 0.9936 -0.0110 0.1120
vn 0.9420 -0.2998 0.1506
vn 0.9729 0.2204 -0.0704
vn 0.9141 0.3838 0.1311
vn 0.9953 0.0858 -0.0446
vn 0.8913 0.4075 0.1990
vn 0.6422 0.7490 0.1631
vn 0.5317 0.8309 0.1638
vn -0.2035 0.9552 0.2149
vn -0.8589 -0.4992 -0.1143
vn 0.9087 -0.4112 -0.0719
vn 0.0730 -0.9971 0.0218
vn -0.0107 0.1252 0.9921
s 0
usemtl Material_#30.001
f 4//1 7//1 6//1
f 6//2 3//2 2//2
f 17//3 20//3 19//3
f 24//4 27//4 26//4
f 22//5 27//5 23//5
f 21//6 27//6 25//6
f 31//7 34//7 33//7
f 29//8 34//8 30//8
f 28//9 34//9 32//9
f 36//10 37//10 35//10
f 40//11 44//11 43//11
f 37//12 15//12 14//12
f 40//11 18//11 17//11
f 17//13 42//13 40//13
f 29//14 41//14 40//14
f 29//15 43//15 33//15
f 15//12 24//12 14//12
f 18//16 26//16 20//16
f 16//17 26//17 22//17
f 28//18 37//18 30//18
f 28//19 39//19 35//19
f 13//20 24//20 18//20
f 13//21 37//21 14//21
f 13//22 41//22 30//22
f 2//23 36//23 35//23
f 2//24 39//24 6//24
f 1//9 39//9 32//9
f 10//25 44//25 12//25
f 9//26 44//26 42//26
f 8//27 43//27 10//27
f 51//28 49//28 48//28
f 53//29 56//29 55//29
f 53//29 58//29 54//29
f 53//30 59//30 57//30
f 62//31 65//31 63//31
f 66//32 69//32 68//32
f 66//33 71//33 67//33
f 66//34 72//34 70//34
f 68//35 52//35 51//35
f 50//36 69//36 67//36
f 57//37 74//37 58//37
f 60//38 71//38 61//38
f 63//39 73//39 62//39
f 50//40 59//40 52//40
f 49//41 59//41 55//41
f 60//38 64//38 62//38
f 60//42 73//42 67//42
f 50//43 73//43 57//43
f 46//29 56//29 47//29
f 77//44 81//44 79//44
f 87//45 85//45 84//45
f 92//46 95//46 94//46
f 90//47 95//47 91//47
f 89//48 95//48 93//48
f 103//49 106//49 105//49
f 101//50 106//50 102//50
f 100//51 106//51 104//51
f 107//52 110//52 109//52
f 107//53 112//53 108//53
f 82//54 102//54 83//54
f 87//45 110//45 88//45
f 86//55 110//55 108//55
f 92//56 114//56 113//56
f 82//57 93//57 92//57
f 101//58 115//58 105//58
f 84//59 97//59 96//59
f 84//45 99//45 87//45
f 89//60 98//60 91//60
f 89//61 99//61 96//61
f 100//62 109//62 102//62
f 100//63 111//63 107//63
f 83//64 99//64 93//64
f 83//65 109//65 87//65
f 82//66 113//66 101//66
f 116//67 120//67 118//67
f 121//68 124//68 123//68
f 121//69 126//69 122//69
f 121//70 127//70 125//70
f 128//71 131//71 130//71
f 128//72 133//72 129//72
f 128//73 134//73 132//73
f 137//74 138//74 136//74
f 119//68 131//68 120//68
f 118//75 131//75 129//75
f 125//76 137//76 136//76
f 119//68 126//68 125//68
f 117//77 126//77 120//77
f 130//78 138//78 134//78
f 119//79 136//79 130//79
f 147//80 150//80 149//80
f 147//81 152//81 148//81
f 147//82 153//82 151//82
f 154//83 157//83 156//83
f 161//84 159//84 158//84
f 160//85 161//85 158//85
f 145//86 155//86 154//86
f 158//87 152//87 151//87
f 151//88 160//88 158//88
f 144//89 152//89 146//89
f 159//90 157//90 155//90
f 146//91 159//91 155//91
f 164//92 168//92 167//92
f 174//93 175//93 173//93
f 177//94 180//94 179//94
f 187//95 190//95 189//95
f 192//96 193//96 191//96
f 175//97 188//97 187//97
f 179//98 192//98 191//98
f 184//99 193//99 186//99
f 174//100 183//100 176//100
f 177//101 182//101 178//101
f 177//102 183//102 181//102
f 185//103 190//103 186//103
f 184//104 190//104 188//104
f 172//105 183//105 179//105
f 172//106 188//106 176//106
f 172//107 191//107 184//107
f 80//108 150//108 81//108
f 79//108 150//108 148//108
f 76//109 148//109 144//109
f 103//110 165//110 104//110
f 103//111 166//111 164//111
f 104//112 169//112 111//112
f 134//113 173//113 132//113
f 138//114 182//114 181//114
f 135//115 182//115 139//115
f 134//116 181//116 174//116
f 80//117 133//117 132//117
f 78//118 133//118 81//118
f 75//119 129//119 78//119
f 173//120 153//120 149//120
f 187//121 163//121 160//121
f 175//122 160//122 153//122
f 90//123 141//123 140//123
f 90//124 143//124 94//124
f 77//125 114//125 78//125
f 77//126 115//126 113//126
f 76//127 115//127 79//127
f 75//128 114//128 94//128
f 116//129 142//129 117//129
f 116//130 143//130 140//130
f 145//131 168//131 146//131
f 144//132 168//132 166//132
f 156//133 170//133 154//133
f 145//134 170//134 167//134
f 75//135 143//135 118//135
f 76//136 166//136 105//136
f 80//137 173//137 149//137
f 96//138 5//138 4//138
f 4//139 98//139 96//139
f 1//140 98//140 6//140
f 11//141 124//141 12//141
f 10//142 124//142 122//142
f 8//143 122//143 117//143
f 31//144 141//144 32//144
f 31//145 142//145 140//145
f 8//146 142//146 33//146
f 1//147 141//147 91//147
f 46//29 112//29 111//29
f 45//29 112//29 47//29
f 49//148 164//148 48//148
f 48//149 167//149 51//149
f 170//150 72//150 68//150
f 49//151 169//151 165//151
f 167//152 68//152 51//152
f 46//29 169//29 55//29
f 198//153 199//153 197//153
f 199//154 196//154 195//154
f 205//155 208//155 207//155
f 205//156 210//156 206//156
f 211//157 206//157 210//157
f 214//158 215//158 213//158
f 217//159 220//159 219//159
f 226//160 227//160 225//160
f 227//161 224//161 223//161
f 227//162 222//162 225//162
f 202//163 220//163 203//163
f 229//164 214//164 213//164
f 231//165 214//165 230//165
f 203//166 209//166 202//166
f 224//167 229//167 223//167
f 232//168 224//168 228//168
f 213//157 211//157 210//157
f 211//169 212//169 208//169
f 222//170 220//170 218//170
f 221//171 222//171 218//171
f 204//157 210//157 203//157
f 220//157 204//157 203//157
f 229//172 204//172 223//172
f 238//173 235//173 237//173
f 196//174 217//174 195//174
f 221//175 196//175 200//175
f 201//176 221//176 200//176
f 235//177 231//177 230//177
f 232//178 235//178 230//178
f 234//179 232//179 228//179
f 216//180 236//180 233//180
f 245//181 246//181 244//181
f 248//182 245//182 244//182
f 250//183 245//183 249//183
f 254//184 252//184 251//184
f 256//185 259//185 257//185
f 265//186 266//186 264//186
f 268//187 265//187 264//187
f 270//188 265//188 269//188
f 248//189 263//189 249//189
f 266//190 255//190 254//190
f 266//191 253//191 264//191
f 257//192 262//192 256//192
f 268//193 260//193 261//193
f 253//194 250//194 249//194
f 250//195 251//195 247//195
f 257//185 261//185 260//185
f 260//196 263//196 257//196
f 249//197 264//197 253//197
f 246//198 242//198 241//198
f 247//199 243//199 242//199
f 274//200 275//200 273//200
f 275//200 272//200 271//200
f 287//201 288//201 286//201
f 288//202 285//202 284//202
f 288//203 283//203 286//203
f 293//204 291//204 290//204
f 299//205 300//205 298//205
f 296//206 301//206 297//206
f 300//207 295//207 298//207
f 290//208 274//208 273//208
f 292//209 274//209 291//209
f 277//210 297//210 278//210
f 303//211 287//211 302//211
f 272//200 279//200 271//200
f 282//200 272//200 276//200
f 278//212 286//212 277//212
f 304//213 297//213 301//213
f 283//214 281//214 280//214
f 282//215 283//215 280//215
f 295//216 292//216 291//216
f 294//217 295//217 291//217
f 277//218 282//218 276//218
f 292//219 277//219 276//219
f 302//220 278//220 297//220
f 308//221 312//221 309//221
f 311//222 307//222 310//222
f 320//223 317//223 319//223
f 323//224 324//224 322//224
f 326//225 323//225 322//225
f 328//226 323//226 327//226
f 330//227 331//227 329//227
f 334//228 330//228 333//228
f 338//229 335//229 337//229
f 331//230 321//230 320//230
f 331//231 319//231 329//231
f 335//232 328//232 327//232
f 321//233 326//233 320//233
f 326//234 318//234 320//234
f 334//235 335//235 332//235
f 339//236 338//236 337//236
f 335//237 321//237 332//237
f 345//238 342//238 344//238
f 352//239 353//239 351//239
f 355//240 352//240 351//240
f 357//241 352//241 356//241
f 360//242 359//242 358//242
f 362//243 366//243 363//243
f 367//244 363//244 366//244
f 359//245 349//245 358//245
f 355//246 363//246 356//246
f 364//247 356//247 363//247
f 355//248 348//248 350//248
f 361//249 362//249 359//249
f 359//250 355//250 350//250
f 371//251 368//251 370//251
f 378//252 375//252 377//252
f 382//253 379//253 381//253
f 388//254 385//254 387//254
f 380//255 370//255 379//255
f 385//256 378//256 377//256
f 377//257 372//257 373//257
f 387//258 383//258 384//258
f 371//259 372//259 369//259
f 380//260 384//260 383//260
f 372//261 374//261 369//261
f 371//262 383//262 373//262
f 385//263 373//263 383//263
f 341//205 299//205 298//205
f 343//264 299//264 342//264
f 353//265 312//265 311//265
f 353//266 310//266 351//266
f 351//267 306//267 348//267
f 368//268 334//268 333//268
f 376//269 339//269 375//269
f 374//270 339//270 337//270
f 374//271 334//271 369//271
f 285//272 313//272 284//272
f 316//273 285//273 289//273
f 309//274 329//274 308//274
f 333//275 309//275 312//275
f 329//276 305//276 308//276
f 357//277 368//277 354//277
f 367//278 379//278 364//278
f 364//279 370//279 357//279
f 307//280 303//280 302//280
f 304//281 307//281 302//281
f 306//205 304//205 301//205
f 303//282 305//282 289//282
f 317//283 315//283 314//283
f 316//284 317//284 314//284
f 349//285 345//285 344//285
f 345//286 348//286 343//286
f 346//287 360//287 358//287
f 346//288 349//288 344//288
f 305//289 316//289 289//289
f 343//290 306//290 301//290
f 354//291 333//291 312//291
f 197//292 280//292 198//292
f 281//293 198//293 280//293
f 281//294 201//294 200//294
f 313//295 226//295 225//295
f 315//296 226//296 314//296
f 324//297 239//297 238//297
f 324//298 237//298 322//298
f 322//299 234//299 318//299
f 315//300 234//300 228//300
f 313//301 201//301 284//301
f 242//302 293//302 241//302
f 293//303 240//303 241//303
f 243//302 294//302 242//302
f 252//205 341//205 251//205
f 344//304 252//304 255//304
f 347//305 267//305 270//305
f 346//306 255//306 267//306
f 341//302 243//302 251//302
f 390//307 393//307 392//307
f 397//308 398//308 396//308
f 392//308 397//308 396//308
f 394//309 398//309 395//309
f 389//310 396//310 394//310
f 402//311 403//311 401//311
f 404//312 405//312 403//312
f 412//313 413//313 411//313
f 411//314 416//314 412//314
f 418//315 413//315 414//315
f 411//316 417//316 415//316
f 421//317 424//317 423//317
f 420//318 422//318 419//318
f 407//319 414//319 412//319
f 410//320 419//320 409//320
f 418//321 421//321 417//321
f 419//322 418//322 414//322
f 408//323 419//323 414//323
f 425//324 428//324 427//324
f 425//325 430//325 426//325
f 425//326 431//326 429//326
f 435//327 438//327 437//327
f 435//328 440//328 439//328
f 427//329 436//329 435//329
f 427//330 439//330 431//330
f 432//331 428//331 426//331
f 448//332 449//332 447//332
f 446//333 448//333 445//333
f 452//334 453//334 451//334
f 443//335 445//335 442//335
f 446//336 453//336 450//336
f 444//337 446//337 443//337
f 456//338 457//338 455//338
f 461//339 457//339 458//339
f 457//340 459//340 455//340
f 466//341 467//341 465//341
f 470//342 471//342 469//342
f 472//343 474//343 471//343
f 471//344 473//344 469//344
f 478//345 467//345 468//345
f 467//346 476//346 465//346
f 461//347 465//347 460//347
f 464//344 461//344 458//344
f 462//348 458//348 456//348
f 473//349 468//349 466//349
f 473//344 464//344 469//344
f 463//350 464//350 458//350
f 390//351 433//351 391//351
f 390//352 434//352 432//352
f 395//353 436//353 394//353
f 389//354 434//354 392//354
f 389//355 436//355 428//355
f 403//356 462//356 401//356
f 470//342 405//342 406//342
f 462//357 400//357 401//357
f 405//358 463//358 403//358
f 423//359 448//359 447//359
f 445//360 424//360 420//360
f 442//361 420//361 410//361
f 398//362 402//362 401//362
f 398//363 400//363 395//363
f 438//364 455//364 437//364
f 455//365 440//365 437//365
f 407//366 431//366 408//366
f 439//367 410//367 409//367
f 431//368 409//368 408//368
f 407//369 441//369 429//369
f 459//370 443//370 442//370
f 476//371 452//371 451//371
f 479//372 452//372 477//372
f 443//373 465//373 444//373
f 476//374 444//374 465//374
f 410//375 459//375 442//375
f 400//376 438//376 395//376
f 487//377 483//377 484//377
f 484//378 488//378 487//378
f 490//379 491//379 489//379
f 494//380 491//380 492//380
f 482//381 489//381 481//381
f 489//382 485//382 484//382
f 493//383 485//383 491//383
f 489//384 480//384 481//384
f 497//385 498//385 496//385
f 500//386 503//386 502//386
f 507//387 508//387 506//387
f 511//388 514//388 513//388
f 499//389 506//389 498//389
f 503//390 511//390 502//390
f 500//391 499//391 497//391
f 511//392 509//392 507//392
f 504//393 509//393 505//393
f 509//393 510//393 505//393
f 502//394 507//394 499//394
f 515//395 519//395 518//395
f 524//396 520//396 521//396
f 522//397 524//397 521//397
f 527//398 528//398 526//398
f 534//399 530//399 531//399
f 532//400 534//400 531//400
f 518//401 527//401 526//401
f 524//402 530//402 523//402
f 525//403 531//403 524//403
f 517//404 520//404 516//404
f 520//405 519//405 516//405
f 527//406 533//406 529//406
f 523//407 527//407 519//407
f 538//408 539//408 537//408
f 543//409 546//409 545//409
f 548//410 549//410 547//410
f 556//411 557//411 555//411
f 540//412 547//412 539//412
f 545//413 556//413 555//413
f 538//414 542//414 540//414
f 551//415 557//415 552//415
f 545//416 541//416 543//416
f 551//417 550//417 548//417
f 553//418 551//418 548//418
f 552//419 554//419 550//419
f 545//420 553//420 542//420
f 540//421 553//421 548//421
f 560//422 561//422 559//422
f 565//423 567//423 564//423
f 565//424 569//424 568//424
f 575//425 574//425 573//425
f 572//426 575//426 571//426
f 570//427 575//427 573//427
f 563//428 571//428 562//428
f 561//429 571//429 570//429
f 568//430 578//430 577//430
f 567//431 563//431 562//431
f 560//432 567//432 562//432
f 572//433 579//433 576//433
f 563//434 577//434 572//434
f 583//435 585//435 582//435
f 581//435 585//435 584//435
f 505//436 537//436 504//436
f 514//437 543//437 513//437
f 543//438 510//438 513//438
f 510//439 538//439 505//439
f 529//440 559//440 528//440
f 565//441 533//441 534//441
f 535//442 565//442 534//442
f 529//406 564//406 560//406
f 515//443 503//443 501//443
f 526//444 514//444 512//444
f 518//445 512//445 503//445
f 559//446 546//446 544//446
f 556//447 573//447 558//447
f 561//448 556//448 546//448
f 578//435 581//435 577//435
f 581//435 579//435 577//435
f 580//435 578//435 569//435
f 528//449 544//449 514//449
f 594//450 595//450 593//450
f 599//450 595//450 596//450
f 595//450 597//450 593//450
f 605//451 606//451 604//451
f 613//452 609//452 610//452
f 608//453 612//453 611//453
f 618//454 619//454 617//454
f 610//450 598//450 599//450
f 598//455 608//455 597//455
f 618//456 606//456 607//456
f 596//450 603//450 599//450
f 600//457 605//457 604//457
f 614//458 619//458 615//458
f 606//459 602//459 604//459
f 614//460 613//460 610//460
f 600//461 602//461 596//461
f 616//462 614//462 610//462
f 606//463 616//463 603//463
f 599//462 616//462 610//462
f 625//464 624//464 623//464
f 624//465 627//465 623//465
f 624//466 629//466 628//466
f 631//467 634//467 630//467
f 644//468 641//468 643//468
f 646//468 641//468 642//468
f 628//469 638//469 627//469
f 644//470 634//470 635//470
f 632//471 643//471 641//471
f 644//468 633//468 642//468
f 636//472 631//472 630//472
f 629//473 632//473 628//473
f 630//474 629//474 626//474
f 645//475 639//475 641//475
f 632//476 639//476 628//476
f 613//477 625//477 612//477
f 611//478 625//478 623//478
f 637//479 619//479 620//479
f 615//480 626//480 613//480
f 615//481 636//481 630//481
f 597//482 589//482 593//482
f 608//483 592//483 591//483
f 597//484 591//484 590//484
f 623//485 622//485 621//485
f 623//486 592//486 611//486
f 415//487 497//487 496//487
f 423//488 500//488 421//488
f 421//489 497//489 417//489
f 517//490 449//490 450//490
f 449//491 515//491 447//491
f 454//492 521//492 453//492
f 453//493 517//493 450//493
f 536//494 454//494 479//494
f 447//495 501//495 423//495
f 487//496 593//496 486//496
f 488//497 594//497 487//497
f 601//498 493//498 494//498
f 493//499 596//499 488//499
f 494//500 605//500 601//500
f 478//501 483//501 477//501
f 483//502 479//502 477//502
f 475//503 481//503 474//503
f 474//504 480//504 468//504
f 480//505 478//505 468//505
f 589//506 525//506 522//506
f 591//507 535//507 532//507
f 590//508 532//508 525//508
f 566//509 622//509 569//509
f 638//435 583//435 582//435
f 583//510 640//510 586//510
f 645//468 588//468 587//468
f 640//511 587//511 586//511
f 580//435 638//435 582//435
f 536//512 589//512 522//512
f 622//435 580//435 569//435
f 535//513 621//513 566//513
f 486//514 536//514 479//514
f 650//515 653//515 652//515
f 649//516 650//516 648//516
f 651//517 655//517 653//517
f 656//518 659//518 658//518
f 663//519 664//519 662//519
f 667//520 668//520 666//520
f 670//520 667//520 666//520
f 672//521 667//521 671//521
f 674//522 677//522 676//522
f 678//523 677//523 675//523
f 668//520 675//520 674//520
f 678//524 669//524 672//524
f 666//520 665//520 663//520
f 668//520 673//520 665//520
f 686//525 689//525 688//525
f 688//526 684//526 686//526
f 693//527 694//527 692//527
f 692//528 691//528 690//528
f 684//529 681//529 680//529
f 690//530 683//530 682//530
f 688//531 693//531 692//531
f 688//532 690//532 685//532
f 685//533 682//533 681//533
f 699//534 702//534 701//534
f 702//535 704//535 701//535
f 703//536 702//536 700//536
f 707//342 708//342 706//342
f 711//537 708//537 709//537
f 714//538 717//538 716//538
f 714//539 713//539 712//539
f 722//540 721//540 719//540
f 717//541 720//541 716//541
f 719//542 717//542 715//542
f 697//543 707//543 706//543
f 704//544 715//544 714//544
f 704//545 712//545 701//545
f 696//546 701//546 698//546
f 707//547 713//547 709//547
f 713//548 711//548 709//548
f 698//534 712//534 707//534
f 718//549 715//549 705//549
f 729//550 730//550 728//550
f 730//551 726//551 728//551
f 726//552 725//552 724//552
f 730//553 732//553 727//553
f 664//554 649//554 648//554
f 664//519 647//519 662//519
f 676//555 654//555 674//555
f 673//556 654//556 651//556
f 673//557 649//557 665//557
f 659//543 697//543 658//543
f 696//558 659//558 657//558
f 699//559 657//559 660//559
f 697//560 661//560 658//560
f 653//561 656//561 652//561
f 653//562 660//562 657//562
f 676//563 700//563 699//563
f 679//564 700//564 677//564
f 695//550 728//550 694//550
f 694//565 726//565 691//565
f 726//566 683//566 691//566
f 671//567 681//567 672//567
f 678//568 683//568 679//568
f 681//569 678//569 672//569
f 724//570 705//570 703//570
f 722//571 734//571 723//571
f 732//572 722//572 719//572
f 718//573 732//573 719//573
f 725//574 718//574 705//574
f 679//575 724//575 703//575
f 676//576 660//576 655//576
f 738//577 741//577 740//577
f 741//578 743//578 740//578
f 742//579 741//579 739//579
f 747//580 750//580 749//580
f 746//581 747//581 745//581
f 736//582 738//582 735//582
f 742//583 749//583 744//583
f 745//584 742//584 739//584
f 737//585 739//585 736//585
f 755//586 752//586 754//586
f 759//587 756//587 758//587
f 762//588 761//588 760//588
f 769//589 766//589 768//589
f 760//590 755//590 754//590
f 767//591 758//591 766//591
f 755//592 756//592 753//592
f 768//593 761//593 763//593
f 762//594 765//594 763//594
f 766//595 755//595 761//595
f 775//596 771//596 774//596
f 780//597 776//597 777//597
f 781//598 776//598 779//598
f 784//599 783//599 782//599
f 787//600 789//600 786//600
f 789//601 788//601 786//601
f 783//602 774//602 782//602
f 787//603 779//603 780//603
f 788//604 779//604 786//604
f 772//605 777//605 776//605
f 775//606 777//606 773//606
f 785//607 787//607 783//607
f 783//608 780//608 775//608
f 796//609 795//609 794//609
f 800//610 799//610 798//610
f 806//611 805//611 804//611
f 810//612 809//612 808//612
f 804//613 797//613 796//613
f 808//614 801//614 800//614
f 793//615 798//615 792//615
f 803//616 808//616 802//616
f 797//615 792//615 795//615
f 807//617 802//617 805//617
f 805//618 793//618 797//618
f 802//615 800//615 793//615
f 821//619 817//619 818//619
f 821//620 816//620 819//620
f 824//621 823//621 822//621
f 831//622 827//622 828//622
f 832//623 827//623 830//623
f 836//624 833//624 835//624
f 838//625 833//625 834//625
f 839//626 833//626 837//626
f 836//627 825//627 826//627
f 836//628 824//628 834//628
f 841//629 830//629 840//629
f 831//630 825//630 830//630
f 831//631 823//631 826//631
f 842//632 835//632 839//632
f 840//633 825//633 835//633
f 794//634 765//634 764//634
f 798//635 769//635 768//635
f 765//636 792//636 763//636
f 792//637 768//637 763//637
f 822//638 785//638 784//638
f 790//639 827//639 789//639
f 829//640 789//640 827//640
f 828//641 785//641 823//641
f 774//642 757//642 759//642
f 769//643 782//643 767//643
f 782//644 759//644 767//644
f 801//645 822//645 799//645
f 838//646 809//646 811//646
f 809//647 824//647 801//647
f 832//648 812//648 829//648
f 841//649 816//649 818//649
f 842//650 816//650 840//650
f 841//651 813//651 832//651
f 799//652 784//652 769//652
f 851//653 847//653 848//653
f 849//654 848//654 846//654
f 853//655 854//655 852//655
f 861//656 863//656 860//656
f 864//657 859//657 862//657
f 868//658 865//658 866//658
f 851//659 860//659 850//659
f 859//660 851//660 849//660
f 866//661 854//661 855//661
f 843//662 853//662 852//662
f 845//662 853//662 844//662
f 868//663 857//663 867//663
f 870//664 860//664 863//664
f 847//665 845//665 844//665
f 869//659 868//659 866//659
f 845//666 856//666 855//666
f 870//667 858//667 868//667
f 856//668 866//668 855//668
f 860//669 856//669 850//669
f 879//670 878//670 877//670
f 876//671 879//671 875//671
f 884//672 881//672 883//672
f 886//673 881//673 882//673
f 887//674 881//674 885//674
f 890//675 891//675 889//675
f 890//676 877//676 878//676
f 894//677 885//677 886//677
f 880//678 885//678 878//678
f 887//679 876//679 883//679
f 895//680 890//680 893//680
f 893//678 878//678 885//678
f 876//681 857//681 858//681
f 884//682 863//682 864//682
f 884//683 862//683 882//683
f 863//684 876//684 858//684
f 888//685 857//685 875//685
f 871//686 849//686 846//686
f 873//687 862//687 859//687
f 873//688 849//688 872//688
f 896//689 862//689 874//689
f 753//690 687//690 752//690
f 756//691 695//691 693//691
f 756//692 689//692 753//692
f 731//693 772//693 730//693
f 771//694 731//694 729//694
f 776//695 734//695 733//695
f 772//695 733//695 730//695
f 734//696 770//696 723//696
f 757//697 729//697 695//697
f 744//662 843//662 743//662
f 750//698 847//698 749//698
f 846//699 750//699 748//699
f 749//662 844//662 744//662
f 843//700 751//700 743//700
f 710//701 736//701 735//701
f 720//702 746//702 745//702
f 723//703 746//703 721//703
f 711//704 737//704 736//704
f 720//705 737//705 716//705
f 891//706 815//706 814//706
f 886//707 812//707 813//707
f 894//674 817//674 893//674
f 895//674 817//674 820//674
f 892//708 820//708 815//708
f 894//709 813//709 818//709
f 872//710 778//710 781//710
f 874//711 788//711 791//711
f 873//712 781//712 788//712
f 770//713 871//713 846//713
f 896//714 812//714 882//714
f 896//715 791//715 829//715
f 770//716 748//716 723//716
f 900//717 899//717 898//717
f 908//718 905//718 907//718
f 905//719 903//719 902//719
f 904//720 905//720 902//720
f 915//721 914//721 913//721
f 922//722 921//722 920//722
f 920//723 918//723 917//723
f 919//724 920//724 917//724
f 913//725 908//725 907//725
f 908//726 912//726 906//726
f 910//727 918//727 911//727
f 911//728 900//728 910//728
f 909//729 900//729 898//729
f 906//730 909//730 903//730
f 919//731 912//731 914//731
f 916//732 919//732 914//732
f 909//733 897//733 903//733
f 912//734 910//734 906//734
f 925//735 923//735 922//735
f 924//736 922//736 916//736
f 928//737 929//737 927//737
f 931//738 935//738 932//738
f 933//739 934//739 931//739
f 946//740 943//740 945//740
f 943//741 941//741 940//741
f 942//742 943//742 940//742
f 930//743 937//743 929//743
f 934//744 941//744 935//744
f 936//745 940//745 934//745
f 932//746 930//746 928//746
f 941//747 939//747 938//747
f 930//748 941//748 938//748
f 950//749 951//749 949//749
f 958//750 959//750 957//750
f 961//751 964//751 963//751
f 966//752 969//752 968//752
f 971//753 972//753 970//753
f 960//754 966//754 959//754
f 964//755 970//755 963//755
f 961//756 956//756 955//756
f 974//757 969//757 967//757
f 958//758 954//758 955//758
f 956//759 958//759 955//759
f 976//760 972//760 973//760
f 972//761 974//761 970//761
f 974//762 965//762 970//762
f 965//763 960//763 956//763
f 963//764 965//764 956//764
f 980//765 981//765 978//765
f 987//766 984//766 986//766
f 989//767 987//767 986//767
f 987//768 988//768 985//768
f 991//769 994//769 992//769
f 1004//770 1001//770 1003//770
f 1005//771 1004//771 1003//771
f 1010//772 1007//772 1009//772
f 1012//773 1010//773 1009//773
f 1010//774 1011//774 1008//774
f 1001//775 994//775 993//775
f 995//776 1001//776 993//776
f 1007//777 998//777 997//777
f 999//778 1007//778 997//778
f 998//779 989//779 997//779
f 996//780 989//780 986//780
f 1016//781 1005//781 1015//781
f 1014//782 1005//782 1003//782
f 995//783 988//783 990//783
f 988//784 991//784 985//784
f 1017//785 1011//785 1013//785
f 1011//786 1014//786 1008//786
f 1014//787 1000//787 1008//787
f 1000//788 995//788 990//788
f 998//789 1000//789 990//789
f 1024//790 1021//790 1023//790
f 1021//791 1019//791 1018//791
f 1020//792 1021//792 1018//792
f 1026//793 1029//793 1028//793
f 1032//794 1033//794 1030//794
f 1041//795 1038//795 1040//795
f 1038//796 1036//796 1035//796
f 1037//797 1038//797 1035//797
f 1031//798 1024//798 1023//798
f 1024//799 1030//799 1022//799
f 1028//800 1037//800 1035//800
f 1020//801 1028//801 1023//801
f 1036//802 1031//802 1035//802
f 1036//803 1034//803 1032//803
f 1028//804 1031//804 1023//804
f 979//805 946//805 945//805
f 946//806 978//806 944//806
f 944//807 977//807 939//807
f 984//808 952//808 951//808
f 953//809 984//809 951//809
f 968//810 1020//810 1018//810
f 976//811 1026//811 975//811
f 1025//812 976//812 973//812
f 969//813 1026//813 1020//813
f 933//814 959//814 936//814
f 942//815 968//815 945//815
f 936//816 966//816 942//816
f 1019//817 979//817 1018//817
f 1019//818 982//818 980//818
f 1022//819 983//819 982//819
f 1044//820 1012//820 1043//820
f 1042//821 1012//821 1009//821
f 927//822 948//822 947//822
f 950//823 937//823 938//823
f 939//824 950//824 938//824
f 937//825 948//825 929//825
f 999//826 981//826 982//826
f 981//827 996//827 978//827
f 996//828 977//828 978//828
f 983//829 999//829 982//829
f 1045//830 1033//830 1034//830
f 1033//831 1042//831 1030//831
f 1042//832 983//832 1030//832
f 977//833 953//833 939//833
f 968//834 979//834 945//834
f 1050//835 1047//835 1049//835
f 1051//836 1050//836 1049//836
f 1056//837 1057//837 1054//837
f 1062//838 1059//838 1061//838
f 1064//839 1062//839 1061//839
f 1062//840 1063//840 1060//840
f 1069//841 1068//841 1067//841
f 1081//842 1078//842 1080//842
f 1086//843 1083//843 1085//843
f 1088//844 1086//844 1085//844
f 1086//845 1087//845 1084//845
f 1076//846 1070//846 1069//846
f 1078//847 1073//847 1072//847
f 1074//848 1078//848 1072//848
f 1073//849 1064//849 1072//849
f 1071//850 1064//850 1061//850
f 1084//851 1076//851 1083//851
f 1069//852 1063//852 1065//852
f 1063//853 1066//853 1060//853
f 1085//854 1079//854 1081//854
f 1082//855 1085//855 1081//855
f 1075//856 1065//856 1073//856
f 1079//857 1075//857 1073//857
f 1075//858 1076//858 1069//858
f 1067//859 1052//859 1051//859
f 1066//860 1051//860 1049//860
f 1066//861 1046//861 1060//861
f 1074//862 1057//862 1058//862
f 1057//863 1071//863 1054//863
f 1071//864 1053//864 1054//864
f 1047//865 1016//865 1015//865
f 1017//866 1047//866 1015//866
f 1046//867 1017//867 1013//867
f 1055//868 1041//868 1040//868
f 1041//869 1054//869 1039//869
f 1039//870 1053//870 1034//870
f 1059//871 1044//871 1043//871
f 1045//872 1059//872 1043//872
f 1053//873 1045//873 1034//873
f 1044//874 1046//874 1013//874
f 904//875 948//875 907//875
f 952//876 915//876 951//876
f 949//877 915//877 913//877
f 948//878 913//878 907//878
f 991//879 926//879 925//879
f 991//880 924//880 985//880
f 952//881 924//881 916//881
f 1090//882 1093//882 1091//882
f 1103//883 1102//883 1101//883
f 1098//884 1102//884 1099//884
f 1102//885 1100//885 1099//885
f 1110//886 1109//886 1108//886
f 1105//887 1109//887 1106//887
f 1109//888 1107//888 1106//888
f 1105//889 1097//889 1096//889
f 1103//890 1114//890 1104//890
f 1112//891 1103//891 1101//891
f 1097//892 1092//892 1096//892
f 1095//893 1098//893 1094//893
f 1091//894 1095//894 1094//894
f 1107//895 1112//895 1106//895
f 1107//896 1115//896 1113//896
f 1097//897 1095//897 1093//897
f 1097//898 1112//898 1101//898
f 1110//899 1117//899 1111//899
f 1117//896 1115//896 1111//896
f 1121//900 1125//900 1122//900
f 1125//901 1123//901 1122//901
f 1129//902 1128//902 1127//902
f 1134//903 1132//903 1131//903
f 1135//904 1133//904 1132//904
f 1145//905 1144//905 1143//905
f 1140//906 1144//906 1141//906
f 1144//907 1142//907 1141//907
f 1137//908 1130//908 1129//908
f 1140//909 1135//909 1134//909
f 1141//910 1136//910 1135//910
f 1130//911 1131//911 1128//911
f 1139//912 1140//912 1138//912
f 1138//913 1134//913 1130//913
f 1149//914 1148//914 1147//914
f 1156//915 1153//915 1155//915
f 1160//916 1157//916 1159//916
f 1166//917 1165//917 1164//917
f 1157//918 1150//918 1149//918
f 1165//919 1155//919 1164//919
f 1160//920 1162//920 1158//920
f 1152//921 1153//921 1151//921
f 1150//922 1151//922 1148//922
f 1162//923 1166//923 1164//923
f 1162//924 1161//924 1158//924
f 1150//925 1161//925 1152//925
f 1161//926 1155//926 1152//926
f 1172//927 1171//927 1170//927
f 1168//928 1171//928 1169//928
f 1176//929 1175//929 1174//929
f 1176//930 1180//930 1177//930
f 1178//931 1176//931 1174//931
f 1186//932 1189//932 1187//932
f 1197//933 1196//933 1195//933
f 1197//934 1201//934 1198//934
f 1199//935 1197//935 1195//935
f 1172//936 1187//936 1173//936
f 1185//937 1172//937 1170//937
f 1182//938 1196//938 1183//938
f 1196//939 1184//939 1183//939
f 1192//940 1189//940 1188//940
f 1189//941 1191//941 1187//941
f 1182//942 1180//942 1179//942
f 1180//930 1181//930 1177//930
f 1179//943 1171//943 1173//943
f 1169//944 1178//944 1174//944
f 1194//945 1199//945 1193//945
f 1191//946 1199//946 1195//946
f 1195//947 1187//947 1191//947
f 1173//948 1190//948 1179//948
f 1190//949 1182//949 1179//949
f 1206//950 1204//950 1203//950
f 1218//951 1217//951 1216//951
f 1213//952 1217//952 1214//952
f 1217//953 1215//953 1214//953
f 1222//954 1221//954 1220//954
f 1229//955 1227//955 1226//955
f 1236//956 1235//956 1234//956
f 1231//957 1235//957 1232//957
f 1235//958 1233//958 1232//958
f 1218//959 1228//959 1219//959
f 1226//960 1218//960 1216//960
f 1233//961 1222//961 1232//961
f 1222//962 1215//962 1219//962
f 1231//963 1228//963 1227//963
f 1230//964 1231//964 1227//964
f 1221//965 1224//965 1220//965
f 1228//966 1222//966 1219//966
f 1124//967 1175//967 1125//967
f 1175//968 1126//968 1125//968
f 1145//969 1205//969 1146//969
f 1203//970 1145//970 1143//970
f 1202//971 1143//971 1139//971
f 1215//972 1159//972 1214//972
f 1224//973 1167//973 1166//973
f 1163//974 1224//974 1166//974
f 1215//975 1163//975 1160//975
f 1210//976 1201//976 1200//976
f 1201//977 1209//977 1198//977
f 1149//978 1133//978 1136//978
f 1159//979 1142//979 1146//979
f 1157//980 1136//980 1142//980
f 1213//981 1205//981 1204//981
f 1207//982 1213//982 1204//982
f 1208//983 1216//983 1207//983
f 1120//984 1127//984 1119//984
f 1123//985 1137//985 1122//985
f 1123//986 1139//986 1138//986
f 1120//987 1137//987 1129//987
f 1184//988 1206//988 1183//988
f 1181//989 1206//989 1203//989
f 1181//930 1202//930 1177//930
f 1184//990 1208//990 1207//990
f 1212//991 1229//991 1211//991
f 1209//992 1229//992 1226//992
f 1209//993 1208//993 1198//993
f 1126//994 1202//994 1139//994
f 1205//995 1159//995 1146//995
f 1240//996 1239//996 1238//996
f 1248//997 1247//997 1246//997
f 1244//998 1247//998 1245//998
f 1252//999 1251//999 1250//999
f 1252//1000 1256//1000 1253//1000
f 1254//1001 1252//1001 1250//1001
f 1261//1002 1260//1002 1259//1002
f 1267//1003 1266//1003 1265//1003
f 1267//1004 1271//1004 1268//1004
f 1269//1005 1267//1005 1265//1005
f 1248//1006 1264//1006 1249//1006
f 1261//1007 1274//1007 1262//1007
f 1272//1008 1261//1008 1259//1008
f 1265//1009 1264//1009 1263//1009
f 1259//1010 1256//1010 1255//1010
f 1256//1011 1258//1011 1253//1011
f 1249//1012 1254//1012 1247//1012
f 1245//1013 1254//1013 1250//1013
f 1268//1014 1272//1014 1266//1014
f 1268//1015 1275//1015 1273//1015
f 1257//1016 1255//1016 1249//1016
f 1257//1017 1272//1017 1259//1017
f 1264//1018 1257//1018 1249//1018
f 1280//1019 1278//1019 1277//1019
f 1244//1020 1241//1020 1240//1020
f 1242//1021 1244//1021 1240//1021
f 1245//1022 1243//1022 1241//1022
f 1262//1023 1280//1023 1260//1023
f 1260//1024 1277//1024 1258//1024
f 1258//1025 1276//1025 1253//1025
f 1192//1026 1239//1026 1193//1026
f 1239//1027 1194//1027 1193//1027
f 1194//1028 1243//1028 1200//1028
f 1210//1029 1251//1029 1211//1029
f 1251//1030 1212//1030 1211//1030
f 1236//1031 1279//1031 1237//1031
f 1277//1032 1236//1032 1234//1032
f 1276//1033 1234//1033 1230//1033
f 1212//1034 1276//1034 1230//1034
f 1243//1035 1210//1035 1200//1035
f 1120//1036 1100//1036 1104//1036
f 1121//1037 1114//1037 1113//1037
f 1115//1037 1121//1037 1113//1037
f 1114//1038 1120//1038 1104//1038
f 1169//1039 1116//1039 1168//1039
f 1174//1040 1117//1040 1169//1040
f 1118//1037 1124//1037 1115//1037
f 1282//1041 1285//1041 1284//1041
f 1289//1042 1290//1042 1288//1042
f 1293//1043 1294//1043 1292//1043
f 1298//1044 1301//1044 1300//1044
f 1284//1045 1293//1045 1292//1045
f 1291//1046 1298//1046 1290//1046
f 1286//1047 1285//1047 1283//1047
f 1293//1048 1297//1048 1295//1048
f 1288//1049 1287//1049 1286//1049
f 1300//1050 1296//1050 1298//1050
f 1290//1051 1296//1051 1287//1051
f 1287//1052 1293//1052 1285//1052
f 1303//1053 1304//1053 1302//1053
f 1308//1053 1304//1053 1305//1053
f 1304//1054 1306//1054 1302//1054
f 1312//1055 1316//1055 1315//1055
f 1321//1056 1317//1056 1318//1056
f 1319//1057 1321//1057 1318//1057
f 1314//1053 1307//1053 1308//1053
f 1307//1058 1312//1058 1306//1058
f 1311//1059 1318//1059 1310//1059
f 1309//1060 1308//1060 1305//1060
f 1314//1061 1317//1061 1313//1061
f 1317//1062 1316//1062 1313//1062
f 1310//1063 1314//1063 1308//1063
f 1328//1064 1324//1064 1325//1064
f 1324//1065 1326//1065 1323//1065
f 1336//1066 1337//1066 1335//1066
f 1341//1067 1342//1067 1340//1067
f 1344//1068 1347//1068 1346//1068
f 1349//1069 1350//1069 1348//1069
f 1337//1070 1345//1070 1344//1070
f 1342//1071 1349//1071 1348//1071
f 1336//1072 1342//1072 1338//1072
f 1345//1073 1350//1073 1347//1073
f 1334//1074 1335//1074 1333//1074
f 1339//1075 1336//1075 1334//1075
f 1338//1076 1348//1076 1345//1076
f 1352//1077 1355//1077 1354//1077
f 1357//1078 1358//1078 1356//1078
f 1362//1079 1361//1079 1360//1079
f 1359//1080 1362//1080 1358//1080
f 1356//1081 1362//1081 1360//1081
f 1365//1082 1366//1082 1364//1082
f 1370//1083 1372//1083 1369//1083
f 1370//1084 1374//1084 1373//1084
f 1355//1085 1364//1085 1354//1085
f 1361//1086 1369//1086 1360//1086
f 1361//1087 1371//1087 1370//1087
f 1353//1088 1360//1088 1355//1088
f 1372//1089 1368//1089 1367//1089
f 1365//1090 1372//1090 1367//1090
f 1355//1091 1369//1091 1365//1091
f 1295//1092 1333//1092 1294//1092
f 1300//1093 1341//1093 1340//1093
f 1300//1094 1339//1094 1297//1094
f 1295//1095 1339//1095 1334//1095
f 1315//1096 1353//1096 1352//1096
f 1357//1097 1320//1097 1321//1097
f 1322//1098 1357//1098 1321//1098
f 1320//1099 1353//1099 1316//1099
f 1289//1100 1306//1100 1291//1100
f 1299//1101 1315//1101 1301//1101
f 1291//1102 1312//1102 1299//1102
f 1341//1103 1354//1103 1343//1103
f 1364//1104 1351//1104 1349//1104
f 1354//1105 1349//1105 1343//1105
f 1326//1106 1311//1106 1310//1106
f 1326//1107 1309//1107 1323//1107
f 1332//1108 1319//1108 1331//1108
f 1331//1109 1311//1109 1327//1109
f 1301//1110 1352//1110 1341//1110
f 1383//1111 1384//1111 1382//1111
f 1383//1112 1380//1112 1381//1112
f 1390//1113 1391//1113 1389//1113
f 1390//1114 1386//1114 1387//1114
f 1388//1115 1390//1115 1387//1115
f 1397//1116 1394//1116 1395//1116
f 1387//1064 1378//1064 1379//1064
f 1395//1117 1384//1117 1385//1117
f 1384//1118 1393//1118 1382//1118
f 1397//1119 1398//1119 1396//1119
f 1382//1120 1377//1120 1380//1120
f 1387//1121 1394//1121 1388//1121
f 1396//1122 1388//1122 1394//1122
f 1393//1123 1379//1123 1382//1123
f 1409//1124 1405//1124 1406//1124
f 1405//1125 1407//1125 1404//1125
f 1415//1126 1416//1126 1414//1126
f 1423//1127 1419//1127 1420//1127
f 1418//1128 1422//1128 1421//1128
f 1428//1129 1429//1129 1427//1129
f 1420//1130 1408//1130 1409//1130
f 1407//1131 1419//1131 1418//1131
f 1417//1132 1427//1132 1416//1132
f 1406//1133 1413//1133 1409//1133
f 1429//1134 1426//1134 1425//1134
f 1424//1135 1429//1135 1425//1135
f 1414//1126 1413//1126 1412//1126
f 1424//1136 1423//1136 1420//1136
f 1410//1137 1412//1137 1406//1137
f 1413//1138 1411//1138 1409//1138
f 1411//1139 1420//1139 1409//1139
f 1411//1140 1427//1140 1424//1140
f 1406//1141 1391//1141 1392//1141
f 1391//1142 1404//1142 1389//1142
f 1415//1143 1398//1143 1399//1143
f 1410//1144 1392//1144 1396//1144
f 1398//1137 1410//1137 1396//1137
f 1407//1125 1400//1125 1404//1125
f 1418//1145 1403//1145 1402//1145
f 1418//1146 1401//1146 1407//1146
f 1404//1147 1376//1147 1389//1147
f 1434//1148 1431//1148 1433//1148
f 1434//1149 1435//1149 1432//1149
f 1440//1150 1437//1150 1439//1150
f 1438//1151 1442//1151 1441//1151
f 1436//1152 1443//1152 1435//1152
f 1442//1153 1445//1153 1441//1153
f 1437//1154 1434//1154 1433//1154
f 1434//1155 1441//1155 1436//1155
f 1441//1156 1444//1156 1436//1156
f 1454//1157 1451//1157 1453//1157
f 1451//1158 1449//1158 1448//1158
f 1450//1159 1451//1159 1448//1159
f 1458//1160 1455//1160 1457//1160
f 1464//1161 1461//1161 1463//1161
f 1460//1162 1461//1162 1459//1162
f 1462//1163 1453//1163 1461//1163
f 1459//1164 1453//1164 1450//1164
f 1454//1165 1455//1165 1452//1165
f 1466//1166 1462//1166 1464//1166
f 1465//1167 1454//1167 1462//1167
f 1469//1168 1468//1168 1467//1168
f 1468//1169 1472//1169 1471//1169
f 1471//1170 1477//1170 1476//1170
f 1470//1171 1475//1171 1472//1171
f 1479//1172 1482//1172 1481//1172
f 1491//1173 1488//1173 1490//1173
f 1487//1174 1490//1174 1486//1174
f 1485//1175 1490//1175 1488//1175
f 1495//1176 1494//1176 1493//1176
f 1503//1177 1502//1177 1501//1177
f 1500//1178 1503//1178 1499//1178
f 1498//1179 1503//1179 1501//1179
f 1483//1180 1495//1180 1482//1180
f 1481//1181 1495//1181 1493//1181
f 1493//1182 1487//1182 1486//1182
f 1487//1179 1497//1179 1491//1179
f 1496//1183 1498//1183 1494//1183
f 1498//1179 1497//1179 1494//1179
f 1497//1179 1492//1179 1491//1179
f 1484//1184 1496//1184 1483//1184
f 1478//1185 1493//1185 1486//1185
f 1512//1186 1509//1186 1511//1186
f 1509//1187 1507//1187 1506//1187
f 1517//1188 1516//1188 1515//1188
f 1519//1189 1518//1189 1517//1189
f 1514//1190 1515//1190 1513//1190
f 1506//1191 1458//1191 1457//1191
f 1458//1192 1505//1192 1456//1192
f 1466//1166 1509//1166 1465//1166
f 1508//1166 1466//1166 1464//1166
f 1465//1193 1506//1193 1457//1193
f 1489//1194 1514//1194 1513//1194
f 1502//1195 1519//1195 1501//1195
f 1492//1196 1514//1196 1491//1196
f 1492//1197 1519//1197 1517//1197
f 1468//1198 1439//1198 1467//1198
f 1468//1199 1442//1199 1440//1199
f 1442//1200 1476//1200 1446//1200
f 1488//1161 1464//1161 1463//1161
f 1485//1201 1463//1201 1460//1201
f 1515//1202 1512//1202 1511//1202
f 1515//1203 1508//1203 1513//1203
f 1450//1204 1443//1204 1444//1204
f 1446//1205 1459//1205 1445//1205
f 1459//1206 1444//1206 1445//1206
f 1443//1207 1447//1207 1435//1207
f 1474//1208 1479//1208 1473//1208
f 1479//1208 1475//1208 1473//1208
f 1477//1201 1485//1201 1476//1201
f 1475//1209 1478//1209 1472//1209
f 1478//1210 1477//1210 1472//1210
f 1476//1211 1460//1211 1446//1211
f 1489//1212 1508//1212 1464//1212
f 1524//1213 1521//1213 1523//1213
f 1522//1214 1525//1214 1521//1214
f 1532//1215 1531//1215 1530//1215
f 1529//1215 1532//1215 1528//1215
f 1527//1215 1532//1215 1530//1215
f 1531//1215 1535//1215 1530//1215
f 1524//1216 1527//1216 1522//1216
f 1527//1217 1526//1217 1522//1217
f 1347//1218 1431//1218 1346//1218
f 1350//1219 1439//1219 1437//1219
f 1350//1220 1433//1220 1347//1220
f 1368//1221 1469//1221 1367//1221
f 1366//1222 1469//1222 1467//1222
f 1373//1223 1474//1223 1473//1223
f 1368//1224 1473//1224 1470//1224
f 1375//1225 1474//1225 1374//1225
f 1351//1226 1467//1226 1439//1226
f 1423//1227 1523//1227 1422//1227
f 1422//1228 1521//1228 1421//1228
f 1426//1229 1528//1229 1425//1229
f 1528//1230 1423//1230 1425//1230
f 1426//1231 1534//1231 1529//1231
f 1359//1232 1401//1232 1363//1232
f 1371//1233 1403//1233 1374//1233
f 1401//1234 1371//1234 1363//1234
f 1328//1235 1378//1235 1327//1235
f 1377//1064 1328//1064 1325//1064
f 1386//1236 1332//1236 1331//1236
f 1330//1237 1380//1237 1329//1237
f 1325//1238 1380//1238 1377//1238
f 1378//1239 1331//1239 1327//1239
f 1332//1240 1376//1240 1322//1240
f 1403//1241 1375//1241 1374//1241
f 1376//1242 1359//1242 1322//1242
f 1525//1243 1483//1243 1482//1243
f 1480//1244 1525//1244 1482//1244
f 1535//1245 1500//1245 1499//1245
f 1526//1246 1484//1246 1483//1246
f 1484//1247 1535//1247 1499//1247
f 1375//1248 1521//1248 1480//1248
f 1541//1249 1540//1249 1539//1249
f 1545//1250 1544//1250 1543//1250
f 1552//1251 1549//1251 1551//1251
f 1555//1252 1554//1252 1553//1252
f 1550//1253 1541//1253 1549//1253
f 1554//1254 1545//1254 1553//1254
f 1545//1255 1537//1255 1538//1255
f 1555//1256 1547//1256 1548//1256
f 1542//1257 1537//1257 1540//1257
f 1550//1258 1548//1258 1547//1258
f 1542//1259 1547//1259 1538//1259
f 1553//1256 1538//1256 1547//1256
f 1561//1260 1563//1260 1560//1260
f 1562//1261 1561//1261 1559//1261
f 1570//1262 1573//1262 1572//1262
f 1568//1263 1570//1263 1567//1263
f 1570//1264 1569//1264 1567//1264
f 1579//1265 1581//1265 1578//1265
f 1580//1266 1579//1266 1577//1266
f 1585//1267 1584//1267 1583//1267
f 1573//1268 1578//1268 1572//1268
f 1577//1269 1573//1269 1571//1269
f 1583//1270 1576//1270 1575//1270
f 1575//1271 1569//1271 1572//1271
f 1581//1272 1586//1272 1585//1272
f 1581//1273 1583//1273 1578//1273
f 1578//1274 1575//1274 1572//1274
f 1591//1275 1588//1275 1590//1275
f 1596//1276 1595//1276 1594//1276
f 1601//1277 1598//1277 1600//1277
f 1604//1278 1603//1278 1602//1278
f 1599//1279 1590//1279 1598//1279
f 1602//1280 1597//1280 1596//1280
f 1596//1281 1589//1281 1591//1281
f 1604//1282 1599//1282 1601//1282
f 1593//1283 1588//1283 1589//1283
f 1602//1284 1591//1284 1599//1284
f 1610//1285 1607//1285 1609//1285
f 1611//1286 1614//1286 1613//1286
f 1618//1287 1615//1287 1617//1287
f 1614//1288 1617//1288 1613//1288
f 1616//1289 1614//1289 1612//1289
f 1623//1290 1619//1290 1621//1290
f 1628//1291 1624//1291 1625//1291
f 1627//1292 1626//1292 1624//1292
f 1619//1293 1610//1293 1609//1293
f 1625//1294 1615//1294 1616//1294
f 1626//1295 1615//1295 1624//1295
f 1610//1296 1612//1296 1608//1296
f 1628//1297 1622//1297 1627//1297
f 1628//1298 1620//1298 1623//1298
f 1625//1299 1610//1299 1620//1299
f 1593//1300 1551//1300 1592//1300
f 1594//1301 1556//1301 1555//1301
f 1593//1302 1548//1302 1552//1302
f 1594//1303 1548//1303 1589//1303
f 1607//1304 1582//1304 1580//1304
f 1586//1305 1611//1305 1585//1305
f 1611//1306 1587//1306 1585//1306
f 1608//1266 1586//1266 1582//1266
f 1546//1307 1568//1307 1544//1307
f 1556//1308 1577//1308 1554//1308
f 1554//1309 1571//1309 1546//1309
f 1609//1310 1595//1310 1597//1310
f 1621//1311 1603//1311 1605//1311
f 1603//1312 1609//1312 1597//1312
f 1562//1313 1576//1313 1564//1313
f 1575//1314 1559//1314 1574//1314
f 1584//1264 1566//1264 1565//1264
f 1584//1315 1564//1315 1576//1315
f 1607//1316 1556//1316 1595//1316
f 1632//1317 1635//1317 1634//1317
f 1631//1318 1632//1318 1630//1318
f 1641//1319 1642//1319 1640//1319
f 1647//1320 1650//1320 1649//1320
f 1645//1321 1647//1321 1644//1321
f 1647//1322 1646//1322 1644//1322
f 1635//1323 1640//1323 1634//1323
f 1639//1324 1635//1324 1633//1324
f 1638//1325 1644//1325 1637//1325
f 1643//1326 1651//1326 1642//1326
f 1637//1327 1631//1327 1636//1327
f 1644//1328 1641//1328 1639//1328
f 1646//1329 1643//1329 1641//1329
f 1643//1329 1653//1329 1652//1329
f 1637//1330 1639//1330 1633//1330
f 1657//1331 1659//1331 1656//1331
f 1660//1332 1655//1332 1658//1332
f 1664//1333 1661//1333 1662//1333
f 1675//1334 1672//1334 1674//1334
f 1675//1335 1670//1335 1671//1335
f 1675//1336 1669//1336 1673//1336
f 1679//1337 1676//1337 1677//1337
f 1671//1338 1659//1338 1660//1338
f 1669//1339 1660//1339 1658//1339
f 1664//1340 1676//1340 1663//1340
f 1679//1341 1667//1341 1678//1341
f 1666//1342 1656//1342 1659//1342
f 1681//1343 1670//1343 1674//1343
f 1666//1333 1662//1333 1665//1333
f 1681//1344 1677//1344 1680//1344
f 1681//1345 1668//1345 1679//1345
f 1680//1333 1664//1333 1666//1333
f 1670//1346 1666//1346 1659//1346
f 1650//1347 1656//1347 1649//1347
f 1655//1348 1650//1348 1648//1348
f 1662//1349 1651//1349 1652//1349
f 1665//1329 1652//1329 1653//1329
f 1656//1350 1653//1350 1649//1350
f 1682//1351 1658//1351 1655//1351
f 1685//1352 1669//1352 1684//1352
f 1684//1353 1658//1353 1683//1353
f 1654//1354 1655//1354 1648//1354
f 1695//1355 1694//1355 1693//1355
f 1690//1356 1694//1356 1691//1356
f 1694//1357 1692//1357 1691//1357
f 1702//1358 1701//1358 1700//1358
f 1701//1359 1699//1359 1698//1359
f 1701//1360 1695//1360 1700//1360
f 1701//1361 1692//1361 1696//1361
f 1689//1362 1693//1362 1688//1362
f 1697//1363 1695//1363 1689//1363
f 1706//1364 1705//1364 1704//1364
f 1706//1365 1710//1365 1707//1365
f 1708//1366 1706//1366 1704//1366
f 1714//1367 1711//1367 1713//1367
f 1716//1368 1711//1368 1712//1368
f 1717//1369 1711//1369 1715//1369
f 1718//1370 1709//1370 1708//1370
f 1720//1371 1717//1371 1715//1371
f 1715//1372 1710//1372 1709//1372
f 1710//1373 1712//1373 1707//1373
f 1720//1374 1709//1374 1719//1374
f 1727//1375 1723//1375 1725//1375
f 1736//1376 1733//1376 1735//1376
f 1736//1377 1731//1377 1732//1377
f 1736//1378 1730//1378 1734//1378
f 1741//1379 1740//1379 1739//1379
f 1742//1380 1737//1380 1738//1380
f 1746//1381 1743//1381 1745//1381
f 1748//1382 1743//1382 1747//1382
f 1746//1383 1726//1383 1727//1383
f 1746//1384 1725//1384 1744//1384
f 1740//1379 1728//1379 1739//1379
f 1744//1385 1731//1385 1743//1385
f 1747//1386 1731//1386 1735//1386
f 1748//1379 1740//1379 1742//1379
f 1745//1387 1742//1387 1738//1387
f 1740//1388 1735//1388 1729//1388
f 1744//1389 1722//1389 1732//1389
f 1752//1390 1749//1390 1751//1390
f 1754//1391 1749//1391 1753//1391
f 1759//1392 1753//1392 1758//1392
f 1757//1393 1751//1393 1754//1393
f 1763//1394 1760//1394 1762//1394
f 1766//1395 1765//1395 1764//1395
f 1765//1396 1762//1396 1764//1396
f 1767//1397 1768//1397 1765//1397
f 1773//1398 1770//1398 1772//1398
f 1775//1399 1771//1399 1773//1399
f 1687//1400 1761//1400 1688//1400
f 1761//1401 1689//1401 1688//1401
f 1768//1402 1702//1402 1700//1402
f 1697//1403 1768//1403 1700//1403
f 1765//1404 1689//1404 1763//1404
f 1773//1405 1728//1405 1729//1405
f 1775//1406 1733//1406 1774//1406
f 1775//1407 1729//1407 1735//1407
f 1776//1408 1728//1408 1772//1408
f 1734//1409 1702//1409 1733//1409
f 1703//1410 1730//1410 1699//1410
f 1770//1411 1767//1411 1766//1411
f 1771//1412 1769//1412 1767//1412
f 1749//1367 1714//1367 1713//1367
f 1753//1413 1713//1413 1717//1413
f 1721//1414 1753//1414 1717//1414
f 1692//1415 1718//1415 1691//1415
f 1721//1416 1698//1416 1699//1416
f 1720//1417 1692//1417 1698//1417
f 1686//1418 1718//1418 1708//1418
f 1756//1419 1723//1419 1724//1419
f 1757//1420 1723//1420 1755//1420
f 1732//1421 1758//1421 1730//1421
f 1757//1422 1722//1422 1725//1422
f 1759//1423 1722//1423 1754//1423
f 1758//1424 1699//1424 1730//1424
f 1774//1425 1702//1425 1769//1425
f 1781//1426 1780//1426 1779//1426
f 1778//1427 1781//1427 1777//1427
f 1787//1428 1783//1428 1784//1428
f 1788//1429 1783//1429 1786//1429
f 1791//1430 1779//1430 1780//1430
f 1788//1431 1780//1431 1782//1431
f 1788//1432 1778//1432 1785//1432
f 1786//1433 1791//1433 1780//1433
f 1705//1434 1601//1434 1600//1434
f 1712//1435 1605//1435 1604//1435
f 1712//1436 1601//1436 1707//1436
f 1752//1437 1622//1437 1623//1437
f 1752//1438 1621//1438 1750//1438
f 1756//1439 1627//1439 1755//1439
f 1755//1440 1622//1440 1751//1440
f 1756//1441 1606//1441 1629//1441
f 1750//1442 1605//1442 1714//1442
f 1778//1443 1667//1443 1668//1443
f 1784//1444 1672//1444 1673//1444
f 1785//1445 1672//1445 1783//1445
f 1674//1446 1778//1446 1668//1446
f 1777//1443 1678//1443 1667//1443
f 1558//1447 1630//1447 1557//1447
f 1563//1448 1638//1448 1637//1448
f 1563//1449 1636//1449 1560//1449
f 1566//1450 1645//1450 1565//1450
f 1560//1451 1631//1451 1558//1451
f 1565//1452 1638//1452 1564//1452
f 1617//1453 1682//1453 1613//1453
f 1685//1454 1626//1454 1629//1454
f 1626//1455 1683//1455 1617//1455
f 1566//1456 1654//1456 1648//1456
f 1685//1457 1606//1457 1673//1457
f 1613//1458 1654//1458 1587//1458
f 1791//1459 1737//1459 1790//1459
f 1787//1460 1726//1460 1786//1460
f 1787//1461 1724//1461 1727//1461
f 1792//1462 1738//1462 1791//1462
f 1792//1463 1726//1463 1745//1463
f 1784//1464 1606//1464 1724//1464
f 898//1465 65//1465 64//1465
f 70//1466 903//1466 71//1466
f 72//1467 902//1467 70//1467
f 897//1468 64//1468 61//1468
f 71//1468 897//1468 61//1468
f 156//1469 928//1469 927//1469
f 931//1470 162//1470 161//1470
f 161//1471 933//1471 931//1471
f 162//1472 928//1472 157//1472
f 186//1473 954//1473 185//1473
f 193//1474 962//1474 961//1474
f 954//1475 189//1475 185//1475
f 193//1476 955//1476 186//1476
f 927//1477 171//1477 156//1477
f 163//1478 957//1478 933//1478
f 72//1479 947//1479 904//1479
f 1090//1480 259//1480 258//1480
f 1098//1481 269//1481 268//1481
f 1100//1482 269//1482 1099//1482
f 259//1483 1094//1483 261//1483
f 1098//1484 261//1484 1094//1484
f 1127//1485 361//1485 360//1485
f 1131//1486 366//1486 365//1486
f 1132//1487 367//1487 366//1487
f 1131//1488 361//1488 1128//1488
f 1147//1489 382//1489 381//1489
f 1154//1490 387//1490 1153//1490
f 1148//1491 384//1491 382//1491
f 1151//1491 387//1491 384//1491
f 347//1492 1127//1492 360//1492
f 1147//1493 367//1493 1133//1493
f 1119//1494 270//1494 1100//1494
f 549//1495 1283//1495 1282//1495
f 558//1496 1288//1496 557//1496
f 1288//1497 554//1497 557//1497
f 554//1498 1283//1498 550//1498
f 574//1499 1302//1499 573//1499
f 576//1500 1303//1500 574//1500
f 576//1501 1309//1501 1305//1501
f 1325//1064 585//1064 586//1064
f 584//1502 1324//1502 1323//1502
f 588//1503 1329//1503 587//1503
f 587//1504 1325//1504 586//1504
f 1323//1505 579//1505 584//1505
f 573//1506 1289//1506 558//1506
f 1539//1507 807//1507 806//1507
f 1543//1508 811//1508 810//1508
f 1540//1509 803//1509 807//1509
f 1537//1510 810//1510 803//1510
f 815//1511 1557//1511 814//1511
f 1561//1512 820//1512 821//1512
f 1561//1513 819//1513 1559//1513
f 820//1514 1558//1514 815//1514
f 838//1264 1567//1264 837//1264
f 1569//1264 837//1264 1567//1264
f 1569//1515 842//1515 839//1515
f 1574//1516 819//1516 842//1516
f 1568//1517 811//1517 1544//1517
f 11//1518 416//1518 415//1518
f 9//1519 416//1519 12//1519
f 19//1520 430//1520 429//1520
f 16//1521 430//1521 20//1521
f 22//1522 433//1522 432//1522
f 22//1523 426//1523 16//1523
f 19//1524 441//1524 42//1524
f 9//1525 441//1525 412//1525
f 123//1526 498//1526 127//1526
f 137//1527 508//1527 139//1527
f 135//1528 508//1528 504//1528
f 498//1529 137//1529 127//1529
f 537//1530 180//1530 178//1530
f 547//1531 194//1531 192//1531
f 539//1532 192//1532 180//1532
f 135//1533 537//1533 178//1533
f 11//1534 496//1534 123//1534
f 962//1535 1284//1535 964//1535
f 971//1536 1294//1536 973//1536
f 964//1537 1292//1537 971//1537
f 1335//1538 1029//1538 1027//1538
f 1037//1539 1346//1539 1040//1539
f 1335//1540 1025//1540 1333//1540
f 1029//1541 1344//1541 1037//1541
f 1294//1542 1025//1542 973//1542
f 1432//1543 1055//1543 1431//1543
f 1432//1544 1058//1544 1056//1544
f 1449//1545 1080//1545 1448//1545
f 1449//1546 1082//1546 1081//1546
f 1455//1547 1089//1547 1088//1547
f 1455//1548 1082//1548 1452//1548
f 1447//1549 1080//1549 1074//1549
f 1447//1550 1058//1550 1435//1550
f 1346//1551 1055//1551 1040//1551
f 207//1552 663//1552 662//1552
f 216//1553 670//1553 215//1553
f 670//1554 212//1554 215//1554
f 212//1555 663//1555 208//1555
f 239//1556 686//1556 238//1556
f 686//1557 236//1557 238//1557
f 684//1558 233//1558 236//1558
f 233//1559 671//1559 216//1559
f 754//1560 325//1560 328//1560
f 762//1561 336//1561 338//1561
f 338//1562 764//1562 762//1562
f 336//1563 754//1563 328//1563
f 378//1564 794//1564 376//1564
f 806//1565 386//1565 388//1565
f 804//1566 378//1566 386//1566
f 794//1567 340//1567 376//1567
f 752//1568 239//1568 325//1568
f 1541//1569 1154//1569 1156//1569
f 1551//1570 1165//1570 1167//1570
f 1549//1571 1156//1571 1165//1571
f 1223//1572 1588//1572 1221//1572
f 1600//1573 1233//1573 1237//1573
f 1592//1574 1221//1574 1588//1574
f 1598//1575 1223//1575 1233//1575
f 1225//1576 1551//1576 1167//1576
f 1687//1577 1271//1577 1270//1577
f 1690//1578 1274//1578 1273//1578
f 1275//1579 1690//1579 1273//1579
f 1688//1580 1275//1580 1271//1580
f 1274//1581 1686//1581 1262//1581
f 1704//1582 1279//1582 1278//1582
f 1281//1583 1704//1583 1278//1583
f 1686//1584 1281//1584 1262//1584
f 1279//1585 1600//1585 1237//1585
f 5//1586 199//1586 7//1586
f 7//1587 195//1587 3//1587
f 205//1588 23//1588 21//1588
f 21//1589 209//1589 205//1589
f 36//1590 219//1590 38//1590
f 15//1591 209//1591 25//1591
f 38//1592 202//1592 15//1592
f 195//1593 36//1593 3//1593
f 47//1594 240//1594 45//1594
f 244//192 56//192 54//192
f 54//192 248//192 244//192
f 63//1595 258//1595 256//1595
f 63//192 262//192 74//192
f 58//192 262//192 248//192
f 47//1596 246//1596 241//1596
f 273//1597 88//1597 86//1597
f 85//1598 275//1598 271//1598
f 271//1599 97//1599 85//1599
f 108//1600 273//1600 86//1600
f 45//1601 290//1601 108//1601
f 5//1602 279//1602 197//1602
f 391//1603 648//1603 393//1603
f 397//1604 652//1604 399//1604
f 648//1605 397//1605 393//1605
f 656//1606 404//1606 402//1606
f 658//1607 406//1607 404//1607
f 470//1608 708//1608 472//1608
f 710//1609 472//1609 708//1609
f 652//1610 402//1610 399//1610
f 433//6 647//6 391//6
f 661//342 470//342 406//342
f 738//1611 492//1611 490//1611
f 740//1612 494//1612 492//1612
f 494//1613 751//1613 495//1613
f 738//1614 482//1614 735//1614
f 852//1615 607//1615 605//1615
f 867//1616 618//1616 865//1616
f 865//1617 607//1617 854//1617
f 879//1618 633//1618 635//1618
f 879//1619 631//1619 875//1619
f 889//1620 646//1620 642//1620
f 888//1621 631//1621 637//1621
f 889//1622 633//1622 877//1622
f 888//1623 620//1623 867//1623
f 475//1624 735//1624 482//1624
f 646//468 814//468 588//468
f 852//1625 495//1625 751//1625
f 899//1626 1092//1626 1090//1626
f 923//1627 1108//1627 921//1627
f 921//1628 1105//1628 918//1628
f 1096//1629 901//1629 911//1629
f 911//1630 1105//1630 1096//1630
f 923//1631 1116//1631 1110//1631
f 994//1632 1168//1632 992//1632
f 1004//1633 1185//1633 1002//1633
f 1004//1634 1188//1634 1186//1634
f 1192//1635 1006//1635 1016//1635
f 994//1636 1185//1636 1170//1636
f 1050//1637 1238//1637 1048//1637
f 1050//1638 1242//1638 1240//1638
f 1248//1639 1068//1639 1070//1639
f 1270//1640 1087//1640 1089//1640
f 1087//1641 1265//1641 1084//1641
f 1084//1642 1263//1642 1077//1642
f 1077//1643 1248//1643 1070//1643
f 1068//1644 1242//1644 1052//1644
f 1168//1645 926//1645 992//1645
f 1016//1646 1238//1646 1192//1646
f 1632//1647 1385//1647 1383//1647
f 1630//1648 1383//1648 1381//1648
f 1642//1649 1395//1649 1640//1649
f 1642//1650 1399//1650 1397//1650
f 1640//1651 1385//1651 1634//1651
f 1661//1652 1417//1652 1415//1652
f 1676//1653 1430//1653 1428//1653
f 1676//1654 1417//1654 1663//1654
f 1661//1655 1399//1655 1651//1655
f 1504//1656 1739//1656 1502//1656
f 1737//1177 1504//1177 1500//1177
f 1762//1657 1505//1657 1507//1657
f 1766//1658 1510//1658 1512//1658
f 1510//1659 1762//1659 1507//1659
f 1772//1660 1516//1660 1518//1660
f 1776//1661 1518//1661 1520//1661
f 1770//1662 1512//1662 1516//1662
f 1505//1663 1687//1663 1456//1663
f 1776//1379 1502//1379 1739//1379
f 1533//1664 1779//1664 1531//1664
f 1777//1665 1533//1665 1529//1665
f 1789//1666 1529//1666 1534//1666
f 1790//1667 1531//1667 1779//1667
f 1557//1648 1381//1648 1330//1648
f 1536//1668 1737//1668 1500//1668
f 1789//1669 1430//1669 1678//1669
f 23//6 662//6 433//6
f 1687//1670 1089//1670 1456//1670
f 899//1671 258//1671 65//1671
f 814//1648 1330//1648 588//1648
f 549//1672 962//1672 194//1672
f 1539//1673 388//1673 1154//1673
f 4//1674 5//1674 7//1674
f 6//1675 7//1675 3//1675
f 17//1676 18//1676 20//1676
f 24//1677 25//1677 27//1677
f 22//4 26//4 27//4
f 21//6 23//6 27//6
f 31//1678 32//1678 34//1678
f 29//1679 33//1679 34//1679
f 28//1680 30//1680 34//1680
f 36//1681 38//1681 37//1681
f 40//1682 42//1682 44//1682
f 37//1683 38//1683 15//1683
f 40//11 41//11 18//11
f 17//1684 19//1684 42//1684
f 29//1685 30//1685 41//1685
f 29//1686 40//1686 43//1686
f 15//1687 25//1687 24//1687
f 18//1688 24//1688 26//1688
f 16//1689 20//1689 26//1689
f 28//1690 35//1690 37//1690
f 28//9 32//9 39//9
f 13//21 14//21 24//21
f 13//1691 30//1691 37//1691
f 13//1692 18//1692 41//1692
f 2//1693 3//1693 36//1693
f 2//1694 35//1694 39//1694
f 1//1695 6//1695 39//1695
f 10//1696 43//1696 44//1696
f 9//1697 12//1697 44//1697
f 8//1698 33//1698 43//1698
f 51//1699 52//1699 49//1699
f 53//29 54//29 56//29
f 53//1700 57//1700 58//1700
f 53//29 55//29 59//29
f 62//1701 64//1701 65//1701
f 66//1702 67//1702 69//1702
f 66//1703 70//1703 71//1703
f 66//1704 68//1704 72//1704
f 68//1705 69//1705 52//1705
f 50//1706 52//1706 69//1706
f 57//1707 73//1707 74//1707
f 60//38 67//38 71//38
f 63//1708 74//1708 73//1708
f 50//1709 57//1709 59//1709
f 49//1710 52//1710 59//1710
f 60//38 61//38 64//38
f 60//1711 62//1711 73//1711
f 50//1712 67//1712 73//1712
f 46//29 55//29 56//29
f 77//1713 78//1713 81//1713
f 87//45 88//45 85//45
f 92//1714 93//1714 95//1714
f 90//1715 94//1715 95//1715
f 89//1716 91//1716 95//1716
f 103//1717 104//1717 106//1717
f 101//1718 105//1718 106//1718
f 100//1719 102//1719 106//1719
f 107//1720 108//1720 110//1720
f 107//1721 111//1721 112//1721
f 82//1722 101//1722 102//1722
f 87//1723 109//1723 110//1723
f 86//1724 88//1724 110//1724
f 92//1725 94//1725 114//1725
f 82//1726 83//1726 93//1726
f 101//1727 113//1727 115//1727
f 84//1728 85//1728 97//1728
f 84//45 96//45 99//45
f 89//1729 96//1729 98//1729
f 89//1730 93//1730 99//1730
f 100//1731 107//1731 109//1731
f 100//1732 104//1732 111//1732
f 83//45 87//45 99//45
f 83//1733 102//1733 109//1733
f 82//1734 92//1734 113//1734
f 116//1735 117//1735 120//1735
f 121//1736 122//1736 124//1736
f 121//68 125//68 126//68
f 121//1737 123//1737 127//1737
f 128//1738 129//1738 131//1738
f 128//1739 132//1739 133//1739
f 128//1740 130//1740 134//1740
f 137//1741 139//1741 138//1741
f 119//1742 130//1742 131//1742
f 118//1743 120//1743 131//1743
f 125//1744 127//1744 137//1744
f 119//68 120//68 126//68
f 117//1745 122//1745 126//1745
f 130//1746 136//1746 138//1746
f 119//68 125//68 136//68
f 147//1747 148//1747 150//1747
f 147//1748 151//1748 152//1748
f 147//1749 149//1749 153//1749
f 154//1750 155//1750 157//1750
f 161//1751 162//1751 159//1751
f 160//1752 163//1752 161//1752
f 145//1753 146//1753 155//1753
f 158//1754 159//1754 152//1754
f 151//1755 153//1755 160//1755
f 144//1756 148//1756 152//1756
f 159//1757 162//1757 157//1757
f 146//1758 152//1758 159//1758
f 164//92 166//92 168//92
f 174//1759 176//1759 175//1759
f 177//1760 178//1760 180//1760
f 187//1761 188//1761 190//1761
f 192//1762 194//1762 193//1762
f 175//1763 176//1763 188//1763
f 179//1764 180//1764 192//1764
f 184//1765 191//1765 193//1765
f 174//1766 181//1766 183//1766
f 177//1767 181//1767 182//1767
f 177//1768 179//1768 183//1768
f 185//1769 189//1769 190//1769
f 184//1770 186//1770 190//1770
f 172//1771 176//1771 183//1771
f 172//1772 184//1772 188//1772
f 172//1773 179//1773 191//1773
f 80//1774 149//1774 150//1774
f 79//108 81//108 150//108
f 76//1775 79//1775 148//1775
f 103//1776 164//1776 165//1776
f 103//1777 105//1777 166//1777
f 104//1778 165//1778 169//1778
f 134//1779 174//1779 173//1779
f 138//1780 139//1780 182//1780
f 135//1781 178//1781 182//1781
f 134//1782 138//1782 181//1782
f 80//108 81//108 133//108
f 78//1783 129//1783 133//1783
f 75//1784 118//1784 129//1784
f 173//1785 175//1785 153//1785
f 187//1786 189//1786 163//1786
f 175//1787 187//1787 160//1787
f 90//1788 91//1788 141//1788
f 90//1789 140//1789 143//1789
f 77//1790 113//1790 114//1790
f 77//1791 79//1791 115//1791
f 76//1792 105//1792 115//1792
f 75//1793 78//1793 114//1793
f 116//1794 140//1794 142//1794
f 116//1795 118//1795 143//1795
f 145//92 167//92 168//92
f 144//1796 146//1796 168//1796
f 156//1797 171//1797 170//1797
f 145//1798 154//1798 170//1798
f 75//1799 94//1799 143//1799
f 76//1800 144//1800 166//1800
f 80//1801 132//1801 173//1801
f 96//1802 97//1802 5//1802
f 4//1803 6//1803 98//1803
f 1//1804 91//1804 98//1804
f 11//68 123//68 124//68
f 10//1805 12//1805 124//1805
f 8//1806 10//1806 122//1806
f 31//1807 140//1807 141//1807
f 31//1808 33//1808 142//1808
f 8//1809 117//1809 142//1809
f 1//9 32//9 141//9
f 46//29 47//29 112//29
f 45//1810 108//1810 112//1810
f 49//1811 165//1811 164//1811
f 48//1812 164//1812 167//1812
f 170//1813 171//1813 72//1813
f 49//1814 55//1814 169//1814
f 167//1815 170//1815 68//1815
f 46//29 111//29 169//29
f 198//1816 200//1816 199//1816
f 199//1817 200//1817 196//1817
f 205//1818 206//1818 208//1818
f 205//1819 209//1819 210//1819
f 211//1820 208//1820 206//1820
f 214//1821 216//1821 215//1821
f 217//1822 218//1822 220//1822
f 226//1823 228//1823 227//1823
f 227//1824 228//1824 224//1824
f 227//1825 223//1825 222//1825
f 202//1826 219//1826 220//1826
f 229//1827 230//1827 214//1827
f 231//1828 216//1828 214//1828
f 203//1829 210//1829 209//1829
f 224//1830 230//1830 229//1830
f 232//1831 230//1831 224//1831
f 213//1832 215//1832 211//1832
f 211//1833 215//1833 212//1833
f 222//1834 223//1834 220//1834
f 221//1835 225//1835 222//1835
f 204//157 213//157 210//157
f 220//1836 223//1836 204//1836
f 229//1837 213//1837 204//1837
f 238//1838 236//1838 235//1838
f 196//1839 218//1839 217//1839
f 221//1840 218//1840 196//1840
f 201//301 225//301 221//301
f 235//1841 236//1841 231//1841
f 232//1842 237//1842 235//1842
f 234//1843 237//1843 232//1843
f 216//1844 231//1844 236//1844
f 245//1845 247//1845 246//1845
f 248//1846 249//1846 245//1846
f 250//1847 247//1847 245//1847
f 254//1848 255//1848 252//1848
f 256//1849 258//1849 259//1849
f 265//1850 267//1850 266//1850
f 268//1851 269//1851 265//1851
f 270//1852 267//1852 265//1852
f 248//1853 262//1853 263//1853
f 266//1854 267//1854 255//1854
f 266//1855 254//1855 253//1855
f 257//1856 263//1856 262//1856
f 268//1857 264//1857 260//1857
f 253//1858 254//1858 250//1858
f 250//1859 254//1859 251//1859
f 257//185 259//185 261//185
f 260//1860 264//1860 263//1860
f 249//1861 263//1861 264//1861
f 246//1862 247//1862 242//1862
f 247//1863 251//1863 243//1863
f 274//200 276//200 275//200
f 275//200 276//200 272//200
f 287//1864 289//1864 288//1864
f 288//1865 289//1865 285//1865
f 288//1866 284//1866 283//1866
f 293//1867 294//1867 291//1867
f 299//205 301//205 300//205
f 296//1868 300//1868 301//1868
f 300//1869 296//1869 295//1869
f 290//1870 291//1870 274//1870
f 292//1871 276//1871 274//1871
f 277//1872 296//1872 297//1872
f 303//1873 289//1873 287//1873
f 272//1874 280//1874 279//1874
f 282//1875 280//1875 272//1875
f 278//1876 287//1876 286//1876
f 304//1877 302//1877 297//1877
f 283//1878 284//1878 281//1878
f 282//1879 286//1879 283//1879
f 295//1880 296//1880 292//1880
f 294//302 298//302 295//302
f 277//1881 286//1881 282//1881
f 292//1882 296//1882 277//1882
f 302//1883 287//1883 278//1883
f 308//1884 311//1884 312//1884
f 311//1885 308//1885 307//1885
f 320//1886 318//1886 317//1886
f 323//1887 325//1887 324//1887
f 326//1888 327//1888 323//1888
f 328//1889 325//1889 323//1889
f 330//1890 332//1890 331//1890
f 334//1891 332//1891 330//1891
f 338//1892 336//1892 335//1892
f 331//1893 332//1893 321//1893
f 331//1894 320//1894 319//1894
f 335//1895 336//1895 328//1895
f 321//1896 327//1896 326//1896
f 326//1897 322//1897 318//1897
f 334//1898 337//1898 335//1898
f 339//1899 340//1899 338//1899
f 335//1900 327//1900 321//1900
f 345//1901 343//1901 342//1901
f 352//1902 354//1902 353//1902
f 355//246 356//246 352//246
f 357//1903 354//1903 352//1903
f 360//1904 361//1904 359//1904
f 362//1905 365//1905 366//1905
f 367//1906 364//1906 363//1906
f 359//1907 350//1907 349//1907
f 355//1908 362//1908 363//1908
f 364//1909 357//1909 356//1909
f 355//1910 351//1910 348//1910
f 361//1905 365//1905 362//1905
f 359//1911 362//1911 355//1911
f 371//1912 369//1912 368//1912
f 378//1913 376//1913 375//1913
f 382//1914 380//1914 379//1914
f 388//1915 386//1915 385//1915
f 380//1916 371//1916 370//1916
f 385//1917 386//1917 378//1917
f 377//1918 375//1918 372//1918
f 387//1919 385//1919 383//1919
f 371//1920 373//1920 372//1920
f 380//1921 382//1921 384//1921
f 372//1922 375//1922 374//1922
f 371//1923 380//1923 383//1923
f 385//1924 377//1924 373//1924
f 341//1925 342//1925 299//1925
f 343//1926 301//1926 299//1926
f 353//1927 354//1927 312//1927
f 353//1928 311//1928 310//1928
f 351//1929 310//1929 306//1929
f 368//1930 369//1930 334//1930
f 376//1931 340//1931 339//1931
f 374//1932 375//1932 339//1932
f 374//1933 337//1933 334//1933
f 285//1934 314//1934 313//1934
f 316//1935 314//1935 285//1935
f 309//1936 330//1936 329//1936
f 333//1937 330//1937 309//1937
f 329//1938 319//1938 305//1938
f 357//279 370//279 368//279
f 367//1939 381//1939 379//1939
f 364//1940 379//1940 370//1940
f 307//1941 308//1941 303//1941
f 304//1942 310//1942 307//1942
f 306//1943 310//1943 304//1943
f 303//1944 308//1944 305//1944
f 317//1945 318//1945 315//1945
f 316//1946 319//1946 317//1946
f 349//1947 350//1947 345//1947
f 345//1948 350//1948 348//1948
f 346//1949 347//1949 360//1949
f 346//1950 358//1950 349//1950
f 305//1951 319//1951 316//1951
f 343//1952 348//1952 306//1952
f 354//1953 368//1953 333//1953
f 197//1954 279//1954 280//1954
f 281//1955 200//1955 198//1955
f 281//1956 284//1956 201//1956
f 313//1957 314//1957 226//1957
f 315//1958 228//1958 226//1958
f 324//1959 325//1959 239//1959
f 324//1960 238//1960 237//1960
f 322//1961 237//1961 234//1961
f 315//1962 318//1962 234//1962
f 313//301 225//301 201//301
f 242//302 294//302 293//302
f 293//1963 290//1963 240//1963
f 243//302 298//302 294//302
f 252//1964 342//1964 341//1964
f 344//1965 342//1965 252//1965
f 347//1966 346//1966 267//1966
f 346//1967 344//1967 255//1967
f 341//302 298//302 243//302
f 390//1968 391//1968 393//1968
f 397//1969 399//1969 398//1969
f 392//1970 393//1970 397//1970
f 394//309 396//309 398//309
f 389//1971 392//1971 396//1971
f 402//1972 404//1972 403//1972
f 404//1973 406//1973 405//1973
f 412//1974 414//1974 413//1974
f 411//1975 415//1975 416//1975
f 418//1976 417//1976 413//1976
f 411//1977 413//1977 417//1977
f 421//1978 422//1978 424//1978
f 420//1979 424//1979 422//1979
f 407//1980 408//1980 414//1980
f 410//1981 420//1981 419//1981
f 418//1978 422//1978 421//1978
f 419//1982 422//1982 418//1982
f 408//1983 409//1983 419//1983
f 425//1984 426//1984 428//1984
f 425//1985 429//1985 430//1985
f 425//1986 427//1986 431//1986
f 435//1987 436//1987 438//1987
f 435//1988 437//1988 440//1988
f 427//1989 428//1989 436//1989
f 427//1990 435//1990 439//1990
f 432//1991 434//1991 428//1991
f 448//1992 450//1992 449//1992
f 446//1993 450//1993 448//1993
f 452//1994 454//1994 453//1994
f 443//1995 446//1995 445//1995
f 446//1996 451//1996 453//1996
f 444//1997 451//1997 446//1997
f 456//1998 458//1998 457//1998
f 461//1999 460//1999 457//1999
f 457//2000 460//2000 459//2000
f 466//2001 468//2001 467//2001
f 470//2002 472//2002 471//2002
f 472//2003 475//2003 474//2003
f 471//2004 474//2004 473//2004
f 478//2005 477//2005 467//2005
f 467//346 477//346 476//346
f 461//344 466//344 465//344
f 464//344 466//344 461//344
f 462//2006 463//2006 458//2006
f 473//2007 474//2007 468//2007
f 473//344 466//344 464//344
f 463//2008 469//2008 464//2008
f 390//2009 432//2009 433//2009
f 390//2010 392//2010 434//2010
f 395//2011 438//2011 436//2011
f 389//2012 428//2012 434//2012
f 389//2013 394//2013 436//2013
f 403//2014 463//2014 462//2014
f 470//342 469//342 405//342
f 462//2015 456//2015 400//2015
f 405//358 469//358 463//358
f 423//359 424//359 448//359
f 445//2016 448//2016 424//2016
f 442//2017 445//2017 420//2017
f 398//2018 399//2018 402//2018
f 398//2019 401//2019 400//2019
f 438//2020 456//2020 455//2020
f 455//2021 459//2021 440//2021
f 407//2022 429//2022 431//2022
f 439//375 440//375 410//375
f 431//368 439//368 409//368
f 407//2023 412//2023 441//2023
f 459//2024 460//2024 443//2024
f 476//493 477//493 452//493
f 479//2025 454//2025 452//2025
f 443//2026 460//2026 465//2026
f 476//2027 451//2027 444//2027
f 410//367 440//367 459//367
f 400//2028 456//2028 438//2028
f 487//2029 486//2029 483//2029
f 484//2030 485//2030 488//2030
f 490//2031 492//2031 491//2031
f 494//2032 493//2032 491//2032
f 482//2033 490//2033 489//2033
f 489//2034 491//2034 485//2034
f 493//2035 488//2035 485//2035
f 489//2036 484//2036 480//2036
f 497//2037 499//2037 498//2037
f 500//2038 501//2038 503//2038
f 507//2039 509//2039 508//2039
f 511//2040 512//2040 514//2040
f 499//2041 507//2041 506//2041
f 503//2042 512//2042 511//2042
f 500//2043 502//2043 499//2043
f 511//2044 513//2044 509//2044
f 504//2045 508//2045 509//2045
f 509//2046 513//2046 510//2046
f 502//2047 511//2047 507//2047
f 515//2048 516//2048 519//2048
f 524//2049 523//2049 520//2049
f 522//2050 525//2050 524//2050
f 527//2051 529//2051 528//2051
f 534//2052 533//2052 530//2052
f 532//2053 535//2053 534//2053
f 518//2054 519//2054 527//2054
f 524//2055 531//2055 530//2055
f 525//2056 532//2056 531//2056
f 517//2057 521//2057 520//2057
f 520//2058 523//2058 519//2058
f 527//2059 530//2059 533//2059
f 523//2060 530//2060 527//2060
f 538//2061 540//2061 539//2061
f 543//2062 544//2062 546//2062
f 548//2063 550//2063 549//2063
f 556//2064 558//2064 557//2064
f 540//2065 548//2065 547//2065
f 545//2066 546//2066 556//2066
f 538//2067 541//2067 542//2067
f 551//2068 555//2068 557//2068
f 545//2069 542//2069 541//2069
f 551//2070 552//2070 550//2070
f 553//420 555//420 551//420
f 552//2071 557//2071 554//2071
f 545//420 555//420 553//420
f 540//2072 542//2072 553//2072
f 560//2073 562//2073 561//2073
f 565//2074 568//2074 567//2074
f 565//2075 566//2075 569//2075
f 575//433 576//433 574//433
f 572//433 576//433 575//433
f 570//2076 571//2076 575//2076
f 563//2077 572//2077 571//2077
f 561//2078 562//2078 571//2078
f 568//430 569//430 578//430
f 567//2079 568//2079 563//2079
f 560//406 564//406 567//406
f 572//433 577//433 579//433
f 563//2080 568//2080 577//2080
f 583//435 586//435 585//435
f 581//435 582//435 585//435
f 505//2081 538//2081 537//2081
f 514//2082 544//2082 543//2082
f 543//2083 541//2083 510//2083
f 510//2084 541//2084 538//2084
f 529//2085 560//2085 559//2085
f 565//423 564//423 533//423
f 535//2086 566//2086 565//2086
f 529//406 533//406 564//406
f 515//2087 518//2087 503//2087
f 526//2088 528//2088 514//2088
f 518//2089 526//2089 512//2089
f 559//2090 561//2090 546//2090
f 556//2091 570//2091 573//2091
f 561//2092 570//2092 556//2092
f 578//435 582//435 581//435
f 581//435 584//435 579//435
f 580//435 582//435 578//435
f 528//2093 559//2093 544//2093
f 594//450 596//450 595//450
f 599//450 598//450 595//450
f 595//450 598//450 597//450
f 605//2094 607//2094 606//2094
f 613//2095 612//2095 609//2095
f 608//2096 609//2096 612//2096
f 618//2097 620//2097 619//2097
f 610//450 609//450 598//450
f 598//2098 609//2098 608//2098
f 618//2099 617//2099 606//2099
f 596//2100 602//2100 603//2100
f 600//2101 601//2101 605//2101
f 614//2102 617//2102 619//2102
f 606//2103 603//2103 602//2103
f 614//2104 615//2104 613//2104
f 600//2105 604//2105 602//2105
f 616//2106 617//2106 614//2106
f 606//2107 617//2107 616//2107
f 599//462 603//462 616//462
f 625//471 626//471 624//471
f 624//2108 628//2108 627//2108
f 624//471 626//471 629//471
f 631//2109 635//2109 634//2109
f 644//468 642//468 641//468
f 646//468 645//468 641//468
f 628//2110 639//2110 638//2110
f 644//468 643//468 634//468
f 632//471 634//471 643//471
f 644//2111 635//2111 633//2111
f 636//2112 637//2112 631//2112
f 629//471 634//471 632//471
f 630//2113 634//2113 629//2113
f 645//2114 640//2114 639//2114
f 632//2115 641//2115 639//2115
f 613//2116 626//2116 625//2116
f 611//2117 612//2117 625//2117
f 637//2118 636//2118 619//2118
f 615//2119 630//2119 626//2119
f 615//2120 619//2120 636//2120
f 597//482 590//482 589//482
f 608//2121 611//2121 592//2121
f 597//2122 608//2122 591//2122
f 623//2123 627//2123 622//2123
f 623//2124 621//2124 592//2124
f 415//2125 417//2125 497//2125
f 423//2126 501//2126 500//2126
f 421//2127 500//2127 497//2127
f 517//2128 516//2128 449//2128
f 449//2129 516//2129 515//2129
f 454//2130 522//2130 521//2130
f 453//2131 521//2131 517//2131
f 536//2132 522//2132 454//2132
f 447//2133 515//2133 501//2133
f 487//450 594//450 593//450
f 488//2134 596//2134 594//2134
f 601//2135 600//2135 493//2135
f 493//2136 600//2136 596//2136
f 494//2137 495//2137 605//2137
f 478//2138 484//2138 483//2138
f 483//2139 486//2139 479//2139
f 475//2140 482//2140 481//2140
f 474//2141 481//2141 480//2141
f 480//2142 484//2142 478//2142
f 589//403 590//403 525//403
f 591//2143 592//2143 535//2143
f 590//2144 591//2144 532//2144
f 566//2145 621//2145 622//2145
f 638//2146 639//2146 583//2146
f 583//2147 639//2147 640//2147
f 645//468 646//468 588//468
f 640//2148 645//2148 587//2148
f 580//2149 627//2149 638//2149
f 536//482 593//482 589//482
f 622//2150 627//2150 580//2150
f 535//2151 592//2151 621//2151
f 486//2152 593//2152 536//2152
f 650//2153 651//2153 653//2153
f 649//2154 651//2154 650//2154
f 651//2155 654//2155 655//2155
f 656//2156 657//2156 659//2156
f 663//519 665//519 664//519
f 667//520 669//520 668//520
f 670//2157 671//2157 667//2157
f 672//2158 669//2158 667//2158
f 674//2159 675//2159 677//2159
f 678//2160 679//2160 677//2160
f 668//520 669//520 675//520
f 678//2161 675//2161 669//2161
f 666//520 668//520 665//520
f 668//520 674//520 673//520
f 686//2162 687//2162 689//2162
f 688//2163 685//2163 684//2163
f 693//2164 695//2164 694//2164
f 692//2165 694//2165 691//2165
f 684//2166 685//2166 681//2166
f 690//2167 691//2167 683//2167
f 688//2168 689//2168 693//2168
f 688//2169 692//2169 690//2169
f 685//2170 690//2170 682//2170
f 699//2171 700//2171 702//2171
f 702//2172 705//2172 704//2172
f 703//534 705//534 702//534
f 707//2173 709//2173 708//2173
f 711//2174 710//2174 708//2174
f 714//2175 715//2175 717//2175
f 714//2176 716//2176 713//2176
f 722//2177 723//2177 721//2177
f 717//2178 721//2178 720//2178
f 719//2179 721//2179 717//2179
f 697//543 698//543 707//543
f 704//2180 705//2180 715//2180
f 704//2181 714//2181 712//2181
f 696//2182 699//2182 701//2182
f 707//549 712//549 713//549
f 713//2183 716//2183 711//2183
f 698//534 701//534 712//534
f 718//2184 719//2184 715//2184
f 729//2185 731//2185 730//2185
f 730//2186 727//2186 726//2186
f 726//2187 727//2187 725//2187
f 730//2188 733//2188 732//2188
f 664//2189 665//2189 649//2189
f 664//519 648//519 647//519
f 676//2190 655//2190 654//2190
f 673//2191 674//2191 654//2191
f 673//2192 651//2192 649//2192
f 659//543 698//543 697//543
f 696//543 698//543 659//543
f 699//2193 696//2193 657//2193
f 697//543 706//543 661//543
f 653//2194 657//2194 656//2194
f 653//2195 655//2195 660//2195
f 676//2196 677//2196 700//2196
f 679//2197 703//2197 700//2197
f 695//550 729//550 728//550
f 694//2198 728//2198 726//2198
f 726//2199 724//2199 683//2199
f 671//2200 680//2200 681//2200
f 678//2201 682//2201 683//2201
f 681//2202 682//2202 678//2202
f 724//2203 725//2203 705//2203
f 722//695 733//695 734//695
f 732//2204 733//2204 722//2204
f 718//2205 727//2205 732//2205
f 725//2206 727//2206 718//2206
f 679//2207 683//2207 724//2207
f 676//2208 699//2208 660//2208
f 738//2209 739//2209 741//2209
f 741//583 744//583 743//583
f 742//583 744//583 741//583
f 747//2210 748//2210 750//2210
f 746//2211 748//2211 747//2211
f 736//2212 739//2212 738//2212
f 742//2213 747//2213 749//2213
f 745//2214 747//2214 742//2214
f 737//2215 745//2215 739//2215
f 755//2216 753//2216 752//2216
f 759//2217 757//2217 756//2217
f 762//2218 763//2218 761//2218
f 769//2219 767//2219 766//2219
f 760//2220 761//2220 755//2220
f 767//2221 759//2221 758//2221
f 755//2222 758//2222 756//2222
f 768//2223 766//2223 761//2223
f 762//2224 764//2224 765//2224
f 766//2225 758//2225 755//2225
f 775//2226 773//2226 771//2226
f 780//2227 779//2227 776//2227
f 781//598 778//598 776//598
f 784//2228 785//2228 783//2228
f 787//2229 790//2229 789//2229
f 789//2230 791//2230 788//2230
f 783//2231 775//2231 774//2231
f 787//2232 786//2232 779//2232
f 788//2233 781//2233 779//2233
f 772//2234 773//2234 777//2234
f 775//2235 780//2235 777//2235
f 785//2229 790//2229 787//2229
f 783//2236 787//2236 780//2236
f 796//2237 797//2237 795//2237
f 800//2238 801//2238 799//2238
f 806//2239 807//2239 805//2239
f 810//2240 811//2240 809//2240
f 804//2241 805//2241 797//2241
f 808//2242 809//2242 801//2242
f 793//615 800//615 798//615
f 803//2243 810//2243 808//2243
f 797//615 793//615 792//615
f 807//2244 803//2244 802//2244
f 805//2245 802//2245 793//2245
f 802//2246 808//2246 800//2246
f 821//674 820//674 817//674
f 821//2247 818//2247 816//2247
f 824//2248 826//2248 823//2248
f 831//2249 830//2249 827//2249
f 832//2250 829//2250 827//2250
f 836//2251 834//2251 833//2251
f 838//624 837//624 833//624
f 839//624 835//624 833//624
f 836//624 835//624 825//624
f 836//2252 826//2252 824//2252
f 841//2253 832//2253 830//2253
f 831//2254 826//2254 825//2254
f 831//2255 828//2255 823//2255
f 842//2256 840//2256 835//2256
f 840//2257 830//2257 825//2257
f 794//2258 795//2258 765//2258
f 798//2259 799//2259 769//2259
f 765//2260 795//2260 792//2260
f 792//2261 798//2261 768//2261
f 822//2262 823//2262 785//2262
f 790//2263 828//2263 827//2263
f 829//2264 791//2264 789//2264
f 828//2265 790//2265 785//2265
f 774//2266 771//2266 757//2266
f 769//2267 784//2267 782//2267
f 782//2268 774//2268 759//2268
f 801//2269 824//2269 822//2269
f 838//2270 834//2270 809//2270
f 809//2271 834//2271 824//2271
f 832//2272 813//2272 812//2272
f 841//2273 840//2273 816//2273
f 842//2274 819//2274 816//2274
f 841//2275 818//2275 813//2275
f 799//2276 822//2276 784//2276
f 851//2277 850//2277 847//2277
f 849//2278 851//2278 848//2278
f 853//2279 855//2279 854//2279
f 861//2280 864//2280 863//2280
f 864//2281 861//2281 859//2281
f 868//2282 867//2282 865//2282
f 851//659 861//659 860//659
f 859//2283 861//2283 851//2283
f 866//2284 865//2284 854//2284
f 843//662 844//662 853//662
f 845//2285 855//2285 853//2285
f 868//663 858//663 857//663
f 870//659 869//659 860//659
f 847//2286 850//2286 845//2286
f 869//2287 870//2287 868//2287
f 845//2288 850//2288 856//2288
f 870//2289 863//2289 858//2289
f 856//2290 869//2290 866//2290
f 860//2291 869//2291 856//2291
f 879//2292 880//2292 878//2292
f 876//2293 880//2293 879//2293
f 884//2294 882//2294 881//2294
f 886//2295 885//2295 881//2295
f 887//2296 883//2296 881//2296
f 890//2297 892//2297 891//2297
f 890//2298 889//2298 877//2298
f 894//674 893//674 885//674
f 880//2299 887//2299 885//2299
f 887//2300 880//2300 876//2300
f 895//2301 892//2301 890//2301
f 893//2302 890//2302 878//2302
f 876//2303 875//2303 857//2303
f 884//2304 883//2304 863//2304
f 884//2305 864//2305 862//2305
f 863//2306 883//2306 876//2306
f 888//2307 867//2307 857//2307
f 871//2308 872//2308 849//2308
f 873//2309 874//2309 862//2309
f 873//2310 859//2310 849//2310
f 896//2311 882//2311 862//2311
f 753//2312 689//2312 687//2312
f 756//2313 757//2313 695//2313
f 756//2314 693//2314 689//2314
f 731//2315 773//2315 772//2315
f 771//2316 773//2316 731//2316
f 776//695 778//695 734//695
f 772//695 776//695 733//695
f 734//695 778//695 770//695
f 757//2317 771//2317 729//2317
f 744//662 844//662 843//662
f 750//2318 848//2318 847//2318
f 846//2319 848//2319 750//2319
f 749//2320 847//2320 844//2320
f 843//2321 852//2321 751//2321
f 710//2322 711//2322 736//2322
f 720//2323 721//2323 746//2323
f 723//2324 748//2324 746//2324
f 711//2325 716//2325 737//2325
f 720//2326 745//2326 737//2326
f 891//2327 892//2327 815//2327
f 886//2328 882//2328 812//2328
f 894//2329 818//2329 817//2329
f 895//674 893//674 817//674
f 892//2330 895//2330 820//2330
f 894//2331 886//2331 813//2331
f 872//2332 871//2332 778//2332
f 874//2333 873//2333 788//2333
f 873//2334 872//2334 781//2334
f 770//2335 778//2335 871//2335
f 896//2336 829//2336 812//2336
f 896//2337 874//2337 791//2337
f 770//2338 846//2338 748//2338
f 900//2339 901//2339 899//2339
f 908//2340 906//2340 905//2340
f 905//2341 906//2341 903//2341
f 904//2342 907//2342 905//2342
f 915//2343 916//2343 914//2343
f 922//2344 923//2344 921//2344
f 920//2345 921//2345 918//2345
f 919//2346 922//2346 920//2346
f 913//2347 914//2347 908//2347
f 908//2348 914//2348 912//2348
f 910//2349 917//2349 918//2349
f 911//2350 901//2350 900//2350
f 909//2351 910//2351 900//2351
f 906//2352 910//2352 909//2352
f 919//2353 917//2353 912//2353
f 916//2354 922//2354 919//2354
f 909//2355 898//2355 897//2355
f 912//2356 917//2356 910//2356
f 925//2357 926//2357 923//2357
f 924//2358 925//2358 922//2358
f 928//2359 930//2359 929//2359
f 931//2360 934//2360 935//2360
f 933//2361 936//2361 934//2361
f 946//2362 944//2362 943//2362
f 943//2363 944//2363 941//2363
f 942//2364 945//2364 943//2364
f 930//2365 938//2365 937//2365
f 934//2366 940//2366 941//2366
f 936//2367 942//2367 940//2367
f 932//2368 935//2368 930//2368
f 941//2369 944//2369 939//2369
f 930//2370 935//2370 941//2370
f 950//809 953//809 951//809
f 958//2371 960//2371 959//2371
f 961//2372 962//2372 964//2372
f 966//2373 967//2373 969//2373
f 971//2374 973//2374 972//2374
f 960//2375 967//2375 966//2375
f 964//2376 971//2376 970//2376
f 961//2377 963//2377 956//2377
f 974//2378 975//2378 969//2378
f 958//2379 957//2379 954//2379
f 956//2380 960//2380 958//2380
f 976//2381 975//2381 972//2381
f 972//2382 975//2382 974//2382
f 974//2383 967//2383 965//2383
f 965//2384 967//2384 960//2384
f 963//2385 970//2385 965//2385
f 980//2386 982//2386 981//2386
f 987//2387 985//2387 984//2387
f 989//2388 990//2388 987//2388
f 987//2389 990//2389 988//2389
f 991//2390 993//2390 994//2390
f 1004//2391 1002//2391 1001//2391
f 1005//2392 1006//2392 1004//2392
f 1010//2393 1008//2393 1007//2393
f 1012//2394 1013//2394 1010//2394
f 1010//2395 1013//2395 1011//2395
f 1001//2396 1002//2396 994//2396
f 995//2397 1003//2397 1001//2397
f 1007//2398 1008//2398 998//2398
f 999//2399 1009//2399 1007//2399
f 998//2400 990//2400 989//2400
f 996//2401 997//2401 989//2401
f 1016//2392 1006//2392 1005//2392
f 1014//2402 1015//2402 1005//2402
f 995//2403 993//2403 988//2403
f 988//2404 993//2404 991//2404
f 1017//2405 1015//2405 1011//2405
f 1011//2406 1015//2406 1014//2406
f 1014//2407 1003//2407 1000//2407
f 1000//2408 1003//2408 995//2408
f 998//2409 1008//2409 1000//2409
f 1024//2410 1022//2410 1021//2410
f 1021//2411 1022//2411 1019//2411
f 1020//2412 1023//2412 1021//2412
f 1026//2413 1027//2413 1029//2413
f 1032//2414 1034//2414 1033//2414
f 1041//2415 1039//2415 1038//2415
f 1038//2416 1039//2416 1036//2416
f 1037//2417 1040//2417 1038//2417
f 1031//2418 1032//2418 1024//2418
f 1024//2419 1032//2419 1030//2419
f 1028//2420 1029//2420 1037//2420
f 1020//2421 1026//2421 1028//2421
f 1036//2422 1032//2422 1031//2422
f 1036//2423 1039//2423 1034//2423
f 1028//2424 1035//2424 1031//2424
f 979//2425 980//2425 946//2425
f 946//2426 980//2426 978//2426
f 944//2427 978//2427 977//2427
f 984//2428 985//2428 952//2428
f 953//2429 986//2429 984//2429
f 968//2430 969//2430 1020//2430
f 976//2431 1027//2431 1026//2431
f 1025//2432 1027//2432 976//2432
f 969//2433 975//2433 1026//2433
f 933//2434 957//2434 959//2434
f 942//2435 966//2435 968//2435
f 936//2436 959//2436 966//2436
f 1019//2437 980//2437 979//2437
f 1019//2438 1022//2438 982//2438
f 1022//2439 1030//2439 983//2439
f 1044//2440 1013//2440 1012//2440
f 1042//2441 1043//2441 1012//2441
f 927//2442 929//2442 948//2442
f 950//2443 949//2443 937//2443
f 939//2444 953//2444 950//2444
f 937//2445 949//2445 948//2445
f 999//2446 997//2446 981//2446
f 981//2447 997//2447 996//2447
f 996//2448 986//2448 977//2448
f 983//2449 1009//2449 999//2449
f 1045//2450 1043//2450 1033//2450
f 1033//2451 1043//2451 1042//2451
f 1042//2452 1009//2452 983//2452
f 977//2453 986//2453 953//2453
f 968//2454 1018//2454 979//2454
f 1050//2455 1048//2455 1047//2455
f 1051//2456 1052//2456 1050//2456
f 1056//2457 1058//2457 1057//2457
f 1062//2458 1060//2458 1059//2458
f 1064//2459 1065//2459 1062//2459
f 1062//2460 1065//2460 1063//2460
f 1069//2461 1070//2461 1068//2461
f 1081//2462 1079//2462 1078//2462
f 1086//2463 1084//2463 1083//2463
f 1088//2464 1089//2464 1086//2464
f 1086//2465 1089//2465 1087//2465
f 1076//2466 1077//2466 1070//2466
f 1078//2467 1079//2467 1073//2467
f 1074//2468 1080//2468 1078//2468
f 1073//2469 1065//2469 1064//2469
f 1071//2470 1072//2470 1064//2470
f 1084//2471 1077//2471 1076//2471
f 1069//2472 1067//2472 1063//2472
f 1063//2473 1067//2473 1066//2473
f 1085//2474 1083//2474 1079//2474
f 1082//2475 1088//2475 1085//2475
f 1075//2476 1069//2476 1065//2476
f 1079//2477 1083//2477 1075//2477
f 1075//2478 1083//2478 1076//2478
f 1067//2479 1068//2479 1052//2479
f 1066//2480 1067//2480 1051//2480
f 1066//2481 1049//2481 1046//2481
f 1074//2482 1072//2482 1057//2482
f 1057//2483 1072//2483 1071//2483
f 1071//2484 1061//2484 1053//2484
f 1047//2455 1048//2455 1016//2455
f 1017//2485 1049//2485 1047//2485
f 1046//2486 1049//2486 1017//2486
f 1055//2487 1056//2487 1041//2487
f 1041//2488 1056//2488 1054//2488
f 1039//2489 1054//2489 1053//2489
f 1059//2490 1060//2490 1044//2490
f 1045//2491 1061//2491 1059//2491
f 1053//2492 1061//2492 1045//2492
f 1044//2493 1060//2493 1046//2493
f 904//2494 947//2494 948//2494
f 952//2495 916//2495 915//2495
f 949//2496 951//2496 915//2496
f 948//2497 949//2497 913//2497
f 991//2498 992//2498 926//2498
f 991//2499 925//2499 924//2499
f 952//2500 985//2500 924//2500
f 1090//2501 1092//2501 1093//2501
f 1103//2502 1104//2502 1102//2502
f 1098//2503 1101//2503 1102//2503
f 1102//2504 1104//2504 1100//2504
f 1110//2505 1111//2505 1109//2505
f 1105//2506 1108//2506 1109//2506
f 1109//896 1111//896 1107//896
f 1105//2507 1106//2507 1097//2507
f 1103//2508 1113//2508 1114//2508
f 1112//2509 1113//2509 1103//2509
f 1097//2510 1093//2510 1092//2510
f 1095//2511 1101//2511 1098//2511
f 1091//2512 1093//2512 1095//2512
f 1107//896 1113//896 1112//896
f 1107//896 1111//896 1115//896
f 1097//2513 1101//2513 1095//2513
f 1097//2514 1106//2514 1112//2514
f 1110//2515 1116//2515 1117//2515
f 1117//896 1118//896 1115//896
f 1121//2516 1124//2516 1125//2516
f 1125//2517 1126//2517 1123//2517
f 1129//2518 1130//2518 1128//2518
f 1134//2519 1135//2519 1132//2519
f 1135//2520 1136//2520 1133//2520
f 1145//2521 1146//2521 1144//2521
f 1140//2522 1143//2522 1144//2522
f 1144//2523 1146//2523 1142//2523
f 1137//2524 1138//2524 1130//2524
f 1140//2525 1141//2525 1135//2525
f 1141//2526 1142//2526 1136//2526
f 1130//2527 1134//2527 1131//2527
f 1139//2528 1143//2528 1140//2528
f 1138//2529 1140//2529 1134//2529
f 1149//2530 1150//2530 1148//2530
f 1156//2531 1154//2531 1153//2531
f 1160//2532 1158//2532 1157//2532
f 1166//2533 1167//2533 1165//2533
f 1157//2534 1158//2534 1150//2534
f 1165//2535 1156//2535 1155//2535
f 1160//2536 1163//2536 1162//2536
f 1152//2537 1155//2537 1153//2537
f 1150//2538 1152//2538 1151//2538
f 1162//2539 1163//2539 1166//2539
f 1162//2540 1164//2540 1161//2540
f 1150//2541 1158//2541 1161//2541
f 1161//2542 1164//2542 1155//2542
f 1172//946 1173//946 1171//946
f 1168//2543 1170//2543 1171//2543
f 1176//2544 1177//2544 1175//2544
f 1176//2545 1179//2545 1180//2545
f 1178//2546 1179//2546 1176//2546
f 1186//2547 1188//2547 1189//2547
f 1197//2548 1198//2548 1196//2548
f 1197//2549 1200//2549 1201//2549
f 1199//2550 1200//2550 1197//2550
f 1172//2551 1186//2551 1187//2551
f 1185//2552 1186//2552 1172//2552
f 1182//2553 1195//2553 1196//2553
f 1196//2554 1198//2554 1184//2554
f 1192//2555 1193//2555 1189//2555
f 1189//2556 1193//2556 1191//2556
f 1182//2557 1183//2557 1180//2557
f 1180//2558 1183//2558 1181//2558
f 1179//2559 1178//2559 1171//2559
f 1169//2560 1171//2560 1178//2560
f 1194//2561 1200//2561 1199//2561
f 1191//2562 1193//2562 1199//2562
f 1195//2563 1190//2563 1187//2563
f 1173//2564 1187//2564 1190//2564
f 1190//2565 1195//2565 1182//2565
f 1206//2566 1207//2566 1204//2566
f 1218//2567 1219//2567 1217//2567
f 1213//2568 1216//2568 1217//2568
f 1217//2569 1219//2569 1215//2569
f 1222//2570 1223//2570 1221//2570
f 1229//2571 1230//2571 1227//2571
f 1236//2572 1237//2572 1235//2572
f 1231//2573 1234//2573 1235//2573
f 1235//2574 1237//2574 1233//2574
f 1218//2575 1227//2575 1228//2575
f 1226//2576 1227//2576 1218//2576
f 1233//2577 1223//2577 1222//2577
f 1222//2578 1220//2578 1215//2578
f 1231//2579 1232//2579 1228//2579
f 1230//2580 1234//2580 1231//2580
f 1221//2581 1225//2581 1224//2581
f 1228//2582 1232//2582 1222//2582
f 1124//2583 1174//2583 1175//2583
f 1175//2584 1177//2584 1126//2584
f 1145//2585 1204//2585 1205//2585
f 1203//2586 1204//2586 1145//2586
f 1202//2587 1203//2587 1143//2587
f 1215//2588 1160//2588 1159//2588
f 1224//2589 1225//2589 1167//2589
f 1163//2590 1220//2590 1224//2590
f 1215//2591 1220//2591 1163//2591
f 1210//2592 1211//2592 1201//2592
f 1201//2593 1211//2593 1209//2593
f 1149//2594 1147//2594 1133//2594
f 1159//2595 1157//2595 1142//2595
f 1157//2596 1149//2596 1136//2596
f 1213//2597 1214//2597 1205//2597
f 1207//2598 1216//2598 1213//2598
f 1208//2599 1226//2599 1216//2599
f 1120//2600 1129//2600 1127//2600
f 1123//2601 1138//2601 1137//2601
f 1123//2602 1126//2602 1139//2602
f 1120//2603 1122//2603 1137//2603
f 1184//2604 1207//2604 1206//2604
f 1181//2605 1183//2605 1206//2605
f 1181//2606 1203//2606 1202//2606
f 1184//2607 1198//2607 1208//2607
f 1212//2608 1230//2608 1229//2608
f 1209//2609 1211//2609 1229//2609
f 1209//2610 1226//2610 1208//2610
f 1126//2611 1177//2611 1202//2611
f 1205//2612 1214//2612 1159//2612
f 1240//2613 1241//2613 1239//2613
f 1248//2614 1249//2614 1247//2614
f 1244//2615 1246//2615 1247//2615
f 1252//2616 1253//2616 1251//2616
f 1252//2617 1255//2617 1256//2617
f 1254//2618 1255//2618 1252//2618
f 1261//2619 1262//2619 1260//2619
f 1267//2620 1268//2620 1266//2620
f 1267//2621 1270//2621 1271//2621
f 1269//2622 1270//2622 1267//2622
f 1248//2623 1263//2623 1264//2623
f 1261//2624 1273//2624 1274//2624
f 1272//1579 1273//1579 1261//1579
f 1265//2625 1266//2625 1264//2625
f 1259//2626 1260//2626 1256//2626
f 1256//2627 1260//2627 1258//2627
f 1249//2628 1255//2628 1254//2628
f 1245//2629 1247//2629 1254//2629
f 1268//2630 1273//2630 1272//2630
f 1268//2631 1271//2631 1275//2631
f 1257//2632 1259//2632 1255//2632
f 1257//2633 1266//2633 1272//2633
f 1264//2634 1266//2634 1257//2634
f 1280//2635 1281//2635 1278//2635
f 1244//2636 1245//2636 1241//2636
f 1242//2637 1246//2637 1244//2637
f 1245//2638 1250//2638 1243//2638
f 1262//2639 1281//2639 1280//2639
f 1260//2640 1280//2640 1277//2640
f 1258//2641 1277//2641 1276//2641
f 1192//2642 1238//2642 1239//2642
f 1239//2643 1241//2643 1194//2643
f 1194//2644 1241//2644 1243//2644
f 1210//2645 1250//2645 1251//2645
f 1251//2646 1253//2646 1212//2646
f 1236//2647 1278//2647 1279//2647
f 1277//2648 1278//2648 1236//2648
f 1276//2649 1277//2649 1234//2649
f 1212//2650 1253//2650 1276//2650
f 1243//2651 1250//2651 1210//2651
f 1120//2652 1119//2652 1100//2652
f 1121//2653 1122//2653 1114//2653
f 1115//1037 1124//1037 1121//1037
f 1114//2654 1122//2654 1120//2654
f 1169//2655 1117//2655 1116//2655
f 1174//2656 1118//2656 1117//2656
f 1118//2657 1174//2657 1124//2657
f 1282//2658 1283//2658 1285//2658
f 1289//2659 1291//2659 1290//2659
f 1293//2660 1295//2660 1294//2660
f 1298//2661 1299//2661 1301//2661
f 1284//2662 1285//2662 1293//2662
f 1291//2663 1299//2663 1298//2663
f 1286//2664 1287//2664 1285//2664
f 1293//2665 1296//2665 1297//2665
f 1288//2666 1290//2666 1287//2666
f 1300//2667 1297//2667 1296//2667
f 1290//2668 1298//2668 1296//2668
f 1287//2669 1296//2669 1293//2669
f 1303//1053 1305//1053 1304//1053
f 1308//1053 1307//1053 1304//1053
f 1304//2670 1307//2670 1306//2670
f 1312//2671 1313//2671 1316//2671
f 1321//2672 1320//2672 1317//2672
f 1319//2673 1322//2673 1321//2673
f 1314//2674 1313//2674 1307//2674
f 1307//2675 1313//2675 1312//2675
f 1311//2676 1319//2676 1318//2676
f 1309//2677 1310//2677 1308//2677
f 1314//2678 1318//2678 1317//2678
f 1317//2679 1320//2679 1316//2679
f 1310//2680 1318//2680 1314//2680
f 1328//2681 1327//2681 1324//2681
f 1324//2682 1327//2682 1326//2682
f 1336//2683 1338//2683 1337//2683
f 1341//2684 1343//2684 1342//2684
f 1344//2685 1345//2685 1347//2685
f 1349//2686 1351//2686 1350//2686
f 1337//2687 1338//2687 1345//2687
f 1342//2688 1343//2688 1349//2688
f 1336//2689 1340//2689 1342//2689
f 1345//2690 1348//2690 1350//2690
f 1334//2691 1336//2691 1335//2691
f 1339//2692 1340//2692 1336//2692
f 1338//2693 1342//2693 1348//2693
f 1352//2694 1353//2694 1355//2694
f 1357//2695 1359//2695 1358//2695
f 1362//2696 1363//2696 1361//2696
f 1359//2697 1363//2697 1362//2697
f 1356//2698 1358//2698 1362//2698
f 1365//2699 1367//2699 1366//2699
f 1370//2700 1373//2700 1372//2700
f 1370//2701 1371//2701 1374//2701
f 1355//2702 1365//2702 1364//2702
f 1361//2703 1370//2703 1369//2703
f 1361//2704 1363//2704 1371//2704
f 1353//2705 1356//2705 1360//2705
f 1372//2706 1373//2706 1368//2706
f 1365//2707 1369//2707 1372//2707
f 1355//2708 1360//2708 1369//2708
f 1295//2709 1334//2709 1333//2709
f 1300//2710 1301//2710 1341//2710
f 1300//2711 1340//2711 1339//2711
f 1295//2712 1297//2712 1339//2712
f 1315//2713 1316//2713 1353//2713
f 1357//2714 1356//2714 1320//2714
f 1322//2715 1359//2715 1357//2715
f 1320//2716 1356//2716 1353//2716
f 1289//2717 1302//2717 1306//2717
f 1299//2718 1312//2718 1315//2718
f 1291//2719 1306//2719 1312//2719
f 1341//2720 1352//2720 1354//2720
f 1364//2721 1366//2721 1351//2721
f 1354//2722 1364//2722 1349//2722
f 1326//2723 1327//2723 1311//2723
f 1326//2724 1310//2724 1309//2724
f 1332//2725 1322//2725 1319//2725
f 1331//2726 1319//2726 1311//2726
f 1301//2727 1315//2727 1352//2727
f 1383//2728 1385//2728 1384//2728
f 1383//2729 1382//2729 1380//2729
f 1390//2730 1392//2730 1391//2730
f 1390//2731 1389//2731 1386//2731
f 1388//2732 1392//2732 1390//2732
f 1397//2733 1396//2733 1394//2733
f 1387//2734 1386//2734 1378//2734
f 1395//2735 1394//2735 1384//2735
f 1384//2736 1394//2736 1393//2736
f 1397//2737 1399//2737 1398//2737
f 1382//2738 1379//2738 1377//2738
f 1387//2739 1393//2739 1394//2739
f 1396//2740 1392//2740 1388//2740
f 1393//1137 1387//1137 1379//1137
f 1409//2741 1408//2741 1405//2741
f 1405//1125 1408//1125 1407//1125
f 1415//2742 1417//2742 1416//2742
f 1423//1227 1422//1227 1419//1227
f 1418//2743 1419//2743 1422//2743
f 1428//2744 1430//2744 1429//2744
f 1420//1227 1419//1227 1408//1227
f 1407//1125 1408//1125 1419//1125
f 1417//2745 1428//2745 1427//2745
f 1406//1126 1412//1126 1413//1126
f 1429//2746 1430//2746 1426//2746
f 1424//2747 1427//2747 1429//2747
f 1414//1126 1416//1126 1413//1126
f 1424//2748 1425//2748 1423//2748
f 1410//1137 1414//1137 1412//1137
f 1413//2749 1416//2749 1411//2749
f 1411//2750 1424//2750 1420//2750
f 1411//2751 1416//2751 1427//2751
f 1406//2752 1405//2752 1391//2752
f 1391//2752 1405//2752 1404//2752
f 1415//1137 1414//1137 1398//1137
f 1410//2753 1406//2753 1392//2753
f 1398//1137 1414//1137 1410//1137
f 1407//2754 1401//2754 1400//2754
f 1418//2755 1421//2755 1403//2755
f 1418//2756 1402//2756 1401//2756
f 1404//2757 1400//2757 1376//2757
f 1434//2758 1432//2758 1431//2758
f 1434//2759 1436//2759 1435//2759
f 1440//2760 1438//2760 1437//2760
f 1438//2761 1440//2761 1442//2761
f 1436//2762 1444//2762 1443//2762
f 1442//2763 1446//2763 1445//2763
f 1437//2764 1438//2764 1434//2764
f 1434//2765 1438//2765 1441//2765
f 1441//2766 1445//2766 1444//2766
f 1454//2767 1452//2767 1451//2767
f 1451//2768 1452//2768 1449//2768
f 1450//2769 1453//2769 1451//2769
f 1458//2770 1456//2770 1455//2770
f 1464//2771 1462//2771 1461//2771
f 1460//2771 1463//2771 1461//2771
f 1462//2772 1454//2772 1453//2772
f 1459//2773 1461//2773 1453//2773
f 1454//2774 1457//2774 1455//2774
f 1466//1166 1465//1166 1462//1166
f 1465//2775 1457//2775 1454//2775
f 1469//2776 1470//2776 1468//2776
f 1468//2777 1470//2777 1472//2777
f 1471//2778 1472//2778 1477//2778
f 1470//2779 1473//2779 1475//2779
f 1479//2780 1480//2780 1482//2780
f 1491//2781 1489//2781 1488//2781
f 1487//2782 1491//2782 1490//2782
f 1485//2783 1486//2783 1490//2783
f 1495//2784 1496//2784 1494//2784
f 1503//1177 1504//1177 1502//1177
f 1500//1177 1504//1177 1503//1177
f 1498//2785 1499//2785 1503//2785
f 1483//2786 1496//2786 1495//2786
f 1481//2787 1482//2787 1495//2787
f 1493//2788 1494//2788 1487//2788
f 1487//1179 1494//1179 1497//1179
f 1496//2789 1499//2789 1498//2789
f 1498//2790 1501//2790 1497//2790
f 1497//2790 1501//2790 1492//2790
f 1484//2791 1499//2791 1496//2791
f 1478//2792 1481//2792 1493//2792
f 1512//2793 1510//2793 1509//2793
f 1509//2794 1510//2794 1507//2794
f 1517//2795 1518//2795 1516//2795
f 1519//2796 1520//2796 1518//2796
f 1514//2797 1517//2797 1515//2797
f 1506//2798 1507//2798 1458//2798
f 1458//2799 1507//2799 1505//2799
f 1466//2800 1511//2800 1509//2800
f 1508//2801 1511//2801 1466//2801
f 1465//2802 1509//2802 1506//2802
f 1489//2803 1491//2803 1514//2803
f 1502//2804 1520//2804 1519//2804
f 1492//2805 1517//2805 1514//2805
f 1492//2806 1501//2806 1519//2806
f 1468//2807 1440//2807 1439//2807
f 1468//2808 1471//2808 1442//2808
f 1442//2809 1471//2809 1476//2809
f 1488//2810 1489//2810 1464//2810
f 1485//1201 1488//1201 1463//1201
f 1515//2811 1516//2811 1512//2811
f 1515//2812 1511//2812 1508//2812
f 1450//2813 1448//2813 1443//2813
f 1446//2814 1460//2814 1459//2814
f 1459//2815 1450//2815 1444//2815
f 1443//2816 1448//2816 1447//2816
f 1474//2817 1480//2817 1479//2817
f 1479//2818 1481//2818 1475//2818
f 1477//2819 1486//2819 1485//2819
f 1475//2820 1481//2820 1478//2820
f 1478//2821 1486//2821 1477//2821
f 1476//1201 1485//1201 1460//1201
f 1489//2822 1513//2822 1508//2822
f 1524//2823 1522//2823 1521//2823
f 1522//2824 1526//2824 1525//2824
f 1532//2825 1533//2825 1531//2825
f 1529//2826 1533//2826 1532//2826
f 1527//1215 1528//1215 1532//1215
f 1531//1215 1536//1215 1535//1215
f 1524//1215 1528//1215 1527//1215
f 1527//2827 1530//2827 1526//2827
f 1347//2828 1433//2828 1431//2828
f 1350//2829 1351//2829 1439//2829
f 1350//2830 1437//2830 1433//2830
f 1368//2831 1470//2831 1469//2831
f 1366//2832 1367//2832 1469//2832
f 1373//2833 1374//2833 1474//2833
f 1368//2834 1373//2834 1473//2834
f 1375//2835 1480//2835 1474//2835
f 1351//2836 1366//2836 1467//2836
f 1423//1227 1524//1227 1523//1227
f 1422//2837 1523//2837 1521//2837
f 1426//1227 1529//1227 1528//1227
f 1528//1227 1524//1227 1423//1227
f 1426//2838 1430//2838 1534//2838
f 1359//2839 1400//2839 1401//2839
f 1371//2840 1402//2840 1403//2840
f 1401//2841 1402//2841 1371//2841
f 1328//1064 1379//1064 1378//1064
f 1377//1064 1379//1064 1328//1064
f 1386//2842 1389//2842 1332//2842
f 1330//1112 1381//1112 1380//1112
f 1325//2843 1329//2843 1380//2843
f 1378//2844 1386//2844 1331//2844
f 1332//2845 1389//2845 1376//2845
f 1403//2846 1421//2846 1375//2846
f 1376//2757 1400//2757 1359//2757
f 1525//2847 1526//2847 1483//2847
f 1480//2848 1521//2848 1525//2848
f 1535//1215 1536//1215 1500//1215
f 1526//2849 1530//2849 1484//2849
f 1484//1215 1530//1215 1535//1215
f 1375//2850 1421//2850 1521//2850
f 1541//2851 1542//2851 1540//2851
f 1545//2852 1546//2852 1544//2852
f 1552//2853 1550//2853 1549//2853
f 1555//2854 1556//2854 1554//2854
f 1550//2855 1542//2855 1541//2855
f 1554//2856 1546//2856 1545//2856
f 1545//2857 1543//2857 1537//2857
f 1555//1256 1553//1256 1547//1256
f 1542//2858 1538//2858 1537//2858
f 1550//1256 1552//1256 1548//1256
f 1542//2859 1550//2859 1547//2859
f 1553//2860 1545//2860 1538//2860
f 1561//2861 1564//2861 1563//2861
f 1562//2862 1564//2862 1561//2862
f 1570//2863 1571//2863 1573//2863
f 1568//2864 1571//2864 1570//2864
f 1570//2865 1572//2865 1569//2865
f 1579//1266 1582//1266 1581//1266
f 1580//1266 1582//1266 1579//1266
f 1585//2866 1587//2866 1584//2866
f 1573//2867 1579//2867 1578//2867
f 1577//1266 1579//1266 1573//1266
f 1583//2868 1584//2868 1576//2868
f 1575//1264 1574//1264 1569//1264
f 1581//1266 1582//1266 1586//1266
f 1581//2869 1585//2869 1583//2869
f 1578//2870 1583//2870 1575//2870
f 1591//2871 1589//2871 1588//2871
f 1596//2872 1597//2872 1595//2872
f 1601//2873 1599//2873 1598//2873
f 1604//2874 1605//2874 1603//2874
f 1599//2875 1591//2875 1590//2875
f 1602//2876 1603//2876 1597//2876
f 1596//2877 1594//2877 1589//2877
f 1604//2878 1602//2878 1599//2878
f 1593//2879 1592//2879 1588//2879
f 1602//2880 1596//2880 1591//2880
f 1610//2881 1608//2881 1607//2881
f 1611//1266 1612//1266 1614//1266
f 1618//2882 1616//2882 1615//2882
f 1614//2883 1618//2883 1617//2883
f 1616//2884 1618//2884 1614//2884
f 1623//2885 1620//2885 1619//2885
f 1628//2886 1627//2886 1624//2886
f 1627//2887 1629//2887 1626//2887
f 1619//2888 1620//2888 1610//2888
f 1625//2889 1624//2889 1615//2889
f 1626//2890 1617//2890 1615//2890
f 1610//2891 1616//2891 1612//2891
f 1628//2892 1623//2892 1622//2892
f 1628//2893 1625//2893 1620//2893
f 1625//2894 1616//2894 1610//2894
f 1593//2895 1552//2895 1551//2895
f 1594//2896 1595//2896 1556//2896
f 1593//2897 1589//2897 1548//2897
f 1594//1256 1555//1256 1548//1256
f 1607//2898 1608//2898 1582//2898
f 1586//1266 1612//1266 1611//1266
f 1611//2899 1613//2899 1587//2899
f 1608//1266 1612//1266 1586//1266
f 1546//2900 1571//2900 1568//2900
f 1556//2901 1580//2901 1577//2901
f 1554//2902 1577//2902 1571//2902
f 1609//2903 1607//2903 1595//2903
f 1621//2904 1619//2904 1603//2904
f 1603//2905 1619//2905 1609//2905
f 1562//1264 1575//1264 1576//1264
f 1575//2906 1562//2906 1559//2906
f 1584//2907 1587//2907 1566//2907
f 1584//2908 1565//2908 1564//2908
f 1607//2909 1580//2909 1556//2909
f 1632//2910 1633//2910 1635//2910
f 1631//2911 1633//2911 1632//2911
f 1641//2912 1643//2912 1642//2912
f 1647//2913 1648//2913 1650//2913
f 1645//2914 1648//2914 1647//2914
f 1647//2915 1649//2915 1646//2915
f 1635//2916 1641//2916 1640//2916
f 1639//1329 1641//1329 1635//1329
f 1638//2917 1645//2917 1644//2917
f 1643//2918 1652//2918 1651//2918
f 1637//2919 1633//2919 1631//2919
f 1644//2920 1646//2920 1641//2920
f 1646//2921 1649//2921 1643//2921
f 1643//2922 1649//2922 1653//2922
f 1637//2923 1644//2923 1639//2923
f 1657//2924 1660//2924 1659//2924
f 1660//2925 1657//2925 1655//2925
f 1664//2926 1663//2926 1661//2926
f 1675//2927 1673//2927 1672//2927
f 1675//2928 1674//2928 1670//2928
f 1675//2929 1671//2929 1669//2929
f 1679//2930 1678//2930 1676//2930
f 1671//2931 1670//2931 1659//2931
f 1669//2932 1671//2932 1660//2932
f 1664//2933 1677//2933 1676//2933
f 1679//2934 1668//2934 1667//2934
f 1666//2935 1665//2935 1656//2935
f 1681//2936 1680//2936 1670//2936
f 1666//1333 1664//1333 1662//1333
f 1681//2937 1679//2937 1677//2937
f 1681//2938 1674//2938 1668//2938
f 1680//2939 1677//2939 1664//2939
f 1670//2940 1680//2940 1666//2940
f 1650//2941 1657//2941 1656//2941
f 1655//2942 1657//2942 1650//2942
f 1662//2943 1661//2943 1651//2943
f 1665//1329 1662//1329 1652//1329
f 1656//2944 1665//2944 1653//2944
f 1682//2945 1683//2945 1658//2945
f 1685//2946 1673//2946 1669//2946
f 1684//2947 1669//2947 1658//2947
f 1654//2948 1682//2948 1655//2948
f 1695//2949 1696//2949 1694//2949
f 1690//2950 1693//2950 1694//2950
f 1694//2951 1696//2951 1692//2951
f 1702//2952 1703//2952 1701//2952
f 1701//2953 1703//2953 1699//2953
f 1701//2954 1696//2954 1695//2954
f 1701//2955 1698//2955 1692//2955
f 1689//2956 1695//2956 1693//2956
f 1697//2957 1700//2957 1695//2957
f 1706//2958 1707//2958 1705//2958
f 1706//2959 1709//2959 1710//2959
f 1708//1370 1709//1370 1706//1370
f 1714//2960 1712//2960 1711//2960
f 1716//2961 1715//2961 1711//2961
f 1717//2962 1713//2962 1711//2962
f 1718//1370 1719//1370 1709//1370
f 1720//2963 1721//2963 1717//2963
f 1715//2964 1716//2964 1710//2964
f 1710//2965 1716//2965 1712//2965
f 1720//2966 1715//2966 1709//2966
f 1727//2967 1724//2967 1723//2967
f 1736//2968 1734//2968 1733//2968
f 1736//2969 1735//2969 1731//2969
f 1736//2970 1732//2970 1730//2970
f 1741//1379 1742//1379 1740//1379
f 1742//1656 1741//1656 1737//1656
f 1746//2971 1744//2971 1743//2971
f 1748//2972 1745//2972 1743//2972
f 1746//2973 1745//2973 1726//2973
f 1746//2974 1727//2974 1725//2974
f 1740//1379 1729//1379 1728//1379
f 1744//2975 1732//2975 1731//2975
f 1747//2976 1743//2976 1731//2976
f 1748//1379 1747//1379 1740//1379
f 1745//1379 1748//1379 1742//1379
f 1740//1379 1747//1379 1735//1379
f 1744//2977 1725//2977 1722//2977
f 1752//2978 1750//2978 1749//2978
f 1754//2979 1751//2979 1749//2979
f 1759//2980 1754//2980 1753//2980
f 1757//2981 1755//2981 1751//2981
f 1763//2982 1761//2982 1760//2982
f 1766//2983 1767//2983 1765//2983
f 1765//2984 1763//2984 1762//2984
f 1767//2985 1769//2985 1768//2985
f 1773//2986 1771//2986 1770//2986
f 1775//2987 1774//2987 1771//2987
f 1687//2988 1760//2988 1761//2988
f 1761//2989 1763//2989 1689//2989
f 1768//2990 1769//2990 1702//2990
f 1697//2991 1765//2991 1768//2991
f 1765//2992 1697//2992 1689//2992
f 1773//2993 1772//2993 1728//2993
f 1775//2994 1735//2994 1733//2994
f 1775//1399 1773//1399 1729//1399
f 1776//1379 1739//1379 1728//1379
f 1734//2995 1703//2995 1702//2995
f 1703//2996 1734//2996 1730//2996
f 1770//2997 1771//2997 1767//2997
f 1771//2998 1774//2998 1769//2998
f 1749//2999 1750//2999 1714//2999
f 1753//3000 1749//3000 1713//3000
f 1721//3001 1758//3001 1753//3001
f 1692//3002 1719//3002 1718//3002
f 1721//3003 1720//3003 1698//3003
f 1720//3004 1719//3004 1692//3004
f 1686//3005 1691//3005 1718//3005
f 1756//3006 1755//3006 1723//3006
f 1757//3007 1725//3007 1723//3007
f 1732//3008 1759//3008 1758//3008
f 1757//3009 1754//3009 1722//3009
f 1759//3010 1732//3010 1722//3010
f 1758//3011 1721//3011 1699//3011
f 1774//3012 1733//3012 1702//3012
f 1781//3013 1782//3013 1780//3013
f 1778//3014 1782//3014 1781//3014
f 1787//3015 1786//3015 1783//3015
f 1788//3016 1785//3016 1783//3016
f 1791//3017 1790//3017 1779//3017
f 1788//3018 1786//3018 1780//3018
f 1788//1443 1782//1443 1778//1443
f 1786//3019 1792//3019 1791//3019
f 1705//3020 1707//3020 1601//3020
f 1712//3021 1714//3021 1605//3021
f 1712//3022 1604//3022 1601//3022
f 1752//3023 1751//3023 1622//3023
f 1752//3024 1623//3024 1621//3024
f 1756//3025 1629//3025 1627//3025
f 1755//3026 1627//3026 1622//3026
f 1756//3027 1724//3027 1606//3027
f 1750//3028 1621//3028 1605//3028
f 1778//1443 1777//1443 1667//1443
f 1784//3029 1783//3029 1672//3029
f 1785//3030 1674//3030 1672//3030
f 1674//3031 1785//3031 1778//3031
f 1777//1443 1789//1443 1678//1443
f 1558//3032 1631//3032 1630//3032
f 1563//3033 1564//3033 1638//3033
f 1563//1449 1637//1449 1636//1449
f 1566//3034 1648//3034 1645//3034
f 1560//1327 1636//1327 1631//1327
f 1565//3035 1645//3035 1638//3035
f 1617//3036 1683//3036 1682//3036
f 1685//3037 1684//3037 1626//3037
f 1626//3038 1684//3038 1683//3038
f 1566//3039 1587//3039 1654//3039
f 1685//3040 1629//3040 1606//3040
f 1613//3041 1682//3041 1654//3041
f 1791//3042 1738//3042 1737//3042
f 1787//3043 1727//3043 1726//3043
f 1787//3044 1784//3044 1724//3044
f 1792//3045 1745//3045 1738//3045
f 1792//3046 1786//3046 1726//3046
f 1784//3047 1673//3047 1606//3047
f 898//3048 899//3048 65//3048
f 70//3049 902//3049 903//3049
f 72//3050 904//3050 902//3050
f 897//1468 898//1468 64//1468
f 71//3051 903//3051 897//3051
f 156//3052 157//3052 928//3052
f 931//3053 932//3053 162//3053
f 161//3054 163//3054 933//3054
f 162//3055 932//3055 928//3055
f 186//3056 955//3056 954//3056
f 193//3057 194//3057 962//3057
f 954//3058 957//3058 189//3058
f 193//3059 961//3059 955//3059
f 927//3060 947//3060 171//3060
f 163//3061 189//3061 957//3061
f 72//3062 171//3062 947//3062
f 1090//3063 1091//3063 259//3063
f 1098//3064 1099//3064 269//3064
f 1100//3065 270//3065 269//3065
f 259//3066 1091//3066 1094//3066
f 1098//3067 268//3067 261//3067
f 1127//3068 1128//3068 361//3068
f 1131//3069 1132//3069 366//3069
f 1132//3070 1133//3070 367//3070
f 1131//1486 365//1486 361//1486
f 1147//3071 1148//3071 382//3071
f 1154//3072 388//3072 387//3072
f 1148//3073 1151//3073 384//3073
f 1151//1491 1153//1491 387//1491
f 347//3074 1119//3074 1127//3074
f 1147//3075 381//3075 367//3075
f 1119//3076 347//3076 270//3076
f 549//3077 550//3077 1283//3077
f 558//3078 1289//3078 1288//3078
f 1288//3079 1286//3079 554//3079
f 554//3080 1286//3080 1283//3080
f 574//3081 1303//3081 1302//3081
f 576//433 1305//433 1303//433
f 576//3082 579//3082 1309//3082
f 1325//1064 1324//1064 585//1064
f 584//1064 585//1064 1324//1064
f 588//3083 1330//3083 1329//3083
f 587//3084 1329//3084 1325//3084
f 1323//3085 1309//3085 579//3085
f 573//3086 1302//3086 1289//3086
f 1539//1249 1540//1249 807//1249
f 1543//3087 1544//3087 811//3087
f 1540//3088 1537//3088 803//3088
f 1537//3089 1543//3089 810//3089
f 815//3090 1558//3090 1557//3090
f 1561//3091 1560//3091 820//3091
f 1561//3092 821//3092 819//3092
f 820//3093 1560//3093 1558//3093
f 838//3094 1568//3094 1567//3094
f 1569//1264 839//1264 837//1264
f 1569//3095 1574//3095 842//3095
f 1574//3096 1559//3096 819//3096
f 1568//3097 838//3097 811//3097
f 11//3098 12//3098 416//3098
f 9//3099 412//3099 416//3099
f 19//3100 20//3100 430//3100
f 16//3101 426//3101 430//3101
f 22//3102 23//3102 433//3102
f 22//3103 432//3103 426//3103
f 19//3104 429//3104 441//3104
f 9//3105 42//3105 441//3105
f 123//3106 496//3106 498//3106
f 137//3107 506//3107 508//3107
f 135//3108 139//3108 508//3108
f 498//3109 506//3109 137//3109
f 537//3110 539//3110 180//3110
f 547//3111 549//3111 194//3111
f 539//3112 547//3112 192//3112
f 135//3113 504//3113 537//3113
f 11//3114 415//3114 496//3114
f 962//3115 1282//3115 1284//3115
f 971//3116 1292//3116 1294//3116
f 964//3117 1284//3117 1292//3117
f 1335//3118 1337//3118 1029//3118
f 1037//3119 1344//3119 1346//3119
f 1335//3120 1027//3120 1025//3120
f 1029//3121 1337//3121 1344//3121
f 1294//3122 1333//3122 1025//3122
f 1432//3123 1056//3123 1055//3123
f 1432//3124 1435//3124 1058//3124
f 1449//3125 1081//3125 1080//3125
f 1449//3126 1452//3126 1082//3126
f 1455//3127 1456//3127 1089//3127
f 1455//3128 1088//3128 1082//3128
f 1447//3129 1448//3129 1080//3129
f 1447//3130 1074//3130 1058//3130
f 1346//3131 1431//3131 1055//3131
f 207//3132 208//3132 663//3132
f 216//3133 671//3133 670//3133
f 670//3134 666//3134 212//3134
f 212//3135 666//3135 663//3135
f 239//3136 687//3136 686//3136
f 686//3137 684//3137 236//3137
f 684//3138 680//3138 233//3138
f 233//3139 680//3139 671//3139
f 754//3140 752//3140 325//3140
f 762//3141 760//3141 336//3141
f 338//3142 340//3142 764//3142
f 336//3143 760//3143 754//3143
f 378//3144 796//3144 794//3144
f 806//3145 804//3145 386//3145
f 804//3146 796//3146 378//3146
f 794//3147 764//3147 340//3147
f 752//3148 687//3148 239//3148
f 1541//3149 1539//3149 1154//3149
f 1551//3150 1549//3150 1165//3150
f 1549//3151 1541//3151 1156//3151
f 1223//3152 1590//3152 1588//3152
f 1600//3153 1598//3153 1233//3153
f 1592//3154 1225//3154 1221//3154
f 1598//3152 1590//3152 1223//3152
f 1225//3155 1592//3155 1551//3155
f 1687//3156 1688//3156 1271//3156
f 1690//3157 1691//3157 1274//3157
f 1275//1579 1693//1579 1690//1579
f 1688//3158 1693//3158 1275//3158
f 1274//3159 1691//3159 1686//3159
f 1704//3160 1705//3160 1279//3160
f 1281//3161 1708//3161 1704//3161
f 1686//3162 1708//3162 1281//3162
f 1279//3163 1705//3163 1600//3163
f 5//3164 197//3164 199//3164
f 7//3165 199//3165 195//3165
f 205//3166 207//3166 23//3166
f 21//3167 25//3167 209//3167
f 36//3168 217//3168 219//3168
f 15//3169 202//3169 209//3169
f 38//3170 219//3170 202//3170
f 195//3171 217//3171 36//3171
f 47//3172 241//3172 240//3172
f 244//3173 246//3173 56//3173
f 54//192 58//192 248//192
f 63//3174 65//3174 258//3174
f 63//192 256//192 262//192
f 58//192 74//192 262//192
f 47//3175 56//3175 246//3175
f 273//1602 275//1602 88//1602
f 85//1602 88//1602 275//1602
f 271//3176 279//3176 97//3176
f 108//3177 290//3177 273//3177
f 45//3178 240//3178 290//3178
f 5//3179 97//3179 279//3179
f 391//519 647//519 648//519
f 397//3180 650//3180 652//3180
f 648//3181 650//3181 397//3181
f 656//3182 658//3182 404//3182
f 658//342 661//342 406//342
f 470//342 706//342 708//342
f 710//3183 475//3183 472//3183
f 652//3184 656//3184 402//3184
f 433//6 662//6 647//6
f 661//342 706//342 470//342
f 738//3185 740//3185 492//3185
f 740//3186 743//3186 494//3186
f 494//3187 743//3187 751//3187
f 738//3188 490//3188 482//3188
f 852//3189 854//3189 607//3189
f 867//3190 620//3190 618//3190
f 865//3191 618//3191 607//3191
f 879//3192 877//3192 633//3192
f 879//3193 635//3193 631//3193
f 889//3194 891//3194 646//3194
f 888//3195 875//3195 631//3195
f 889//3196 642//3196 633//3196
f 888//3197 637//3197 620//3197
f 475//3198 710//3198 735//3198
f 646//468 891//468 814//468
f 852//3199 605//3199 495//3199
f 899//3200 901//3200 1092//3200
f 923//3201 1110//3201 1108//3201
f 921//3202 1108//3202 1105//3202
f 1096//1629 1092//1629 901//1629
f 911//3203 918//3203 1105//3203
f 923//3204 926//3204 1116//3204
f 994//3205 1170//3205 1168//3205
f 1004//3206 1186//3206 1185//3206
f 1004//3207 1006//3207 1188//3207
f 1192//3208 1188//3208 1006//3208
f 994//3209 1002//3209 1185//3209
f 1050//3210 1240//3210 1238//3210
f 1050//3211 1052//3211 1242//3211
f 1248//3212 1246//3212 1068//3212
f 1270//3213 1269//3213 1087//3213
f 1087//3214 1269//3214 1265//3214
f 1084//3215 1265//3215 1263//3215
f 1077//3216 1263//3216 1248//3216
f 1068//3217 1246//3217 1242//3217
f 1168//3218 1116//3218 926//3218
f 1016//1637 1048//1637 1238//1637
f 1632//3219 1634//3219 1385//3219
f 1630//3220 1632//3220 1383//3220
f 1642//3221 1397//3221 1395//3221
f 1642//3222 1651//3222 1399//3222
f 1640//3223 1395//3223 1385//3223
f 1661//3224 1663//3224 1417//3224
f 1676//3225 1678//3225 1430//3225
f 1676//3226 1428//3226 1417//3226
f 1661//3227 1415//3227 1399//3227
f 1504//1668 1741//1668 1739//1668
f 1737//1177 1741//1177 1504//1177
f 1762//2988 1760//2988 1505//2988
f 1766//3228 1764//3228 1510//3228
f 1510//3229 1764//3229 1762//3229
f 1772//3230 1770//3230 1516//3230
f 1776//3231 1772//3231 1518//3231
f 1770//3232 1766//3232 1512//3232
f 1505//2988 1760//2988 1687//2988
f 1776//3233 1520//3233 1502//3233
f 1533//3234 1781//3234 1779//3234
f 1777//3235 1781//3235 1533//3235
f 1789//1443 1777//1443 1529//1443
f 1790//1177 1536//1177 1531//1177
f 1557//1648 1630//1648 1381//1648
f 1536//1177 1790//1177 1737//1177
f 1789//3236 1534//3236 1430//3236
f 23//3237 207//3237 662//3237
f 1687//3238 1270//3238 1089//3238
f 899//3239 1090//3239 258//3239
f 814//1648 1557//1648 1330//1648
f 549//3115 1282//3115 962//3115
f 1539//3240 806//3240 388//3240
